[Licensing::Module] Trying to connect to existing licensing client channel...
Built from '6000.4/staging' branch; Version is '6000.4.0f1 (8cf496087c8f) revision 9237654'; Using compiler version '194234433'; Build Type 'Release'
OS: 'Windows 11  (10.0.26200) Professional' Language: 'en' Physical Memory: 98117 MB
BatchMode: 1, IsHumanControllingUs: 0, StartBugReporterOnCrash: 0, Is64bit: 1
[Licensing::IpcConnector] Channel LicenseClient-user doesn't exist
System  architecture: x64
Process architecture: x64
Date: 2026-09-08T07:30:26Z
[Licensing::Module] Successfully launched the LicensingClient (PId: 38244)

COMMAND LINE ARGUMENTS:
C:\Program Files\Unity\Hub\Editor\6000.4.0f1\Editor\Unity.exe
-batchmode
-nographics
-quit
-projectPath
~\repos\Funstra
-buildTarget
StandaloneWindows64
-executeMethod
FunstraBuild.Build
-logFile
~\repos\Funstra\Evidence\build.log
Successfully changed project path to: ~\repos\Funstra
~/repos/Funstra
[UnityMemory] Configuration Parameters - Can be set up in boot.config
    "memorysetup-temp-allocator-size-gi-baking-worker=262144"
    "memorysetup-temp-allocator-size-gi-baking-worker=262144"
    "memorysetup-temp-allocator-size-gi-baking-worker=262144"
    "memorysetup-temp-allocator-size-gi-baking-worker=262144"
    "memorysetup-temp-allocator-size-gi-baking-worker=262144"
    "memorysetup-temp-allocator-size-nav-mesh-worker=65536"
    "memorysetup-temp-allocator-size-audio-worker=65536"
    "memorysetup-temp-allocator-size-cloud-worker=32768"
    "memorysetup-temp-allocator-size-gfx=262144"
    "memorysetup-temp-allocator-size-preload-manager=33554432"
    "memorysetup-temp-allocator-size-job-worker=262144"
    "memorysetup-temp-allocator-size-background-worker=32768"
    "memorysetup-allocator-temp-initial-block-size-main=262144"
    "memorysetup-allocator-temp-initial-block-size-worker=262144"
    "memorysetup-bucket-allocator-granularity=16"
    "memorysetup-bucket-allocator-bucket-count=8"
    "memorysetup-bucket-allocator-block-size=33554432"
    "memorysetup-bucket-allocator-block-count=8"
    "memorysetup-main-allocator-block-size=16777216"
    "memorysetup-thread-allocator-block-size=16777216"
    "memorysetup-gfx-main-allocator-block-size=16777216"
    "memorysetup-gfx-thread-allocator-block-size=16777216"
    "memorysetup-cache-allocator-block-size=4194304"
    "memorysetup-typetree-allocator-block-size=2097152"
    "memorysetup-profiler-bucket-allocator-granularity=16"
    "memorysetup-profiler-bucket-allocator-bucket-count=8"
    "memorysetup-profiler-bucket-allocator-block-size=33554432"
    "memorysetup-profiler-bucket-allocator-block-count=8"
    "memorysetup-profiler-allocator-block-size=16777216"
    "memorysetup-profiler-editor-allocator-block-size=1048576"
    "memorysetup-temp-allocator-size-main=16777216"
    "memorysetup-job-temp-allocator-block-size=2097152"
    "memorysetup-job-temp-allocator-block-size-background=1048576"
    "memorysetup-job-temp-allocator-reduction-small-platforms=262144"
Player connection [20292]  Target information:

Player connection [20292]  * "[IP] 192.168.1.58 [Port] 55504 [Flags] 2 [Guid] 3637613381 [EditorId] 3637613381 [Version] 1048832 [Id] WindowsEditor(7,Baresso) [Debug] 1 [PackageName] WindowsEditor [ProjectName] Editor" 

Player connection [20292]  * "[IP] 10.5.0.2 [Port] 55504 [Flags] 2 [Guid] 3637613381 [EditorId] 3637613381 [Version] 1048832 [Id] WindowsEditor(7,Baresso) [Debug] 1 [PackageName] WindowsEditor [ProjectName] Editor" 

Player connection [20292] Host joined multi-casting on [225.0.0.222:54997]...
Player connection [20292] Host joined alternative multi-casting on [225.0.0.222:34997]...
Input System module state changed to: Initialized.
[Physics::Module] Initialized fallback backend.
[Physics::Module] Id: 0xdecafbad
[Licensing::IpcConnector] Successfully connected to: "LicenseClient-user" at "2026-09-08T07:30:26.4927507Z"
[Package Manager] Connected to IPC stream "Upm-23940" after 0.3 seconds.
[Licensing::Module] Licensing is not yet initialized.
[Licensing::Client] Handshaking with LicensingClient:
  Version:                 1.18.1+9fbee8e
  Session Id:              359486b77ee24a50a52ae2f3c8189722
  Correlation Id:          3117f698208dcd4ca0e2fcfb936adf6e
  External correlation Id: 8023907171345622682
  Machine Id:              VTcpfLMFdemongDIbPlEd78muic=
[Licensing::Module] Successfully connected to LicensingClient on channel: "LicenseClient-user" (connect: 0.25s, validation: 0.03s, handshake: 0.60s)
[Licensing::IpcConnector] Successfully connected to: "LicenseClient-user-notifications" at "2026-09-08T07:30:27.1225216Z"
[Licensing::Module] Connected to LicensingClient (PId: 38244, launch time: 0.00, total connection time: 0.88s)
[Licensing::Module] Error: Access token is unavailable; failed to update
[Licensing::Client] Successfully resolved entitlement details
[Licensing::Module] License group:
  Id: 5772471071479-UnityPersXXXX
  Product: Unity Personal
  Type: Assigned
  Expiration: Unlimited
[Licensing::Client] Successfully updated license, isAsync: True, time: 0.01
[Licensing::Client] Successfully resolved entitlement details
[Licensing::Module] Licensing Background thread has ended after 0.89s
[Licensing::Module] Licensing is initialized (took 0.44s).
[Licensing::Client] Successfully resolved entitlement details
Library Redirect Path: Library/
[Physics::Module] Selected backend.
[Physics::Module] Name: PhysX
[Physics::Module] Id: 0xf2b8ea05
[Physics::Module] SDK Version: 4.1.2
[Physics::Module] Integration Version: 1.0.0
[Physics::Module] Threading Mode: Multi-Threaded
Targeting platform: StandaloneWindows64
Initialize engine version: 6000.4.0f1 (8cf496087c8f)
[Subsystems] Discovering subsystems at path C:/Program Files/Unity/Hub/Editor/6000.4.0f1/Editor/Data/Resources/UnitySubsystems
[Subsystems] Discovering subsystems at path ~/repos/Funstra/Assets
Forcing GfxDevice: Null
GfxDevice: creating device client; kGfxThreadingModeNonThreaded
NullGfxDevice:
    Version:  NULL 1.0 [1.0]
    Renderer: Null Device
    Vendor:   Unity Technologies
Initialize mono
Mono path[0] = 'C:/Program Files/Unity/Hub/Editor/6000.4.0f1/Editor/Data/Managed'
Mono path[1] = 'C:/Program Files/Unity/Hub/Editor/6000.4.0f1/Editor/Data/MonoBleedingEdge/lib/mono/unityjit-win32'
Mono config path = 'C:/Program Files/Unity/Hub/Editor/6000.4.0f1/Editor/Data/MonoBleedingEdge/etc'
Using monoOptions --debugger-agent=transport=dt_socket,embedding=1,server=y,suspend=n,address=127.0.0.1:56940
CodeReloadManager initialized
Using cacheserver namespaces - metadata:defaultmetadata, artifacts:defaultartifacts
Using cacheserver namespaces - metadata:defaultmetadata, artifacts:defaultartifacts
ImportWorker Server TCP listen port: 0
AcceleratorClientConnectionCallback - disconnected - :0
Begin MonoManager ReloadAssembly
Registering precompiled unity dll's ...
Register platform support module: C:/Program Files/Unity/Hub/Editor/6000.4.0f1/Editor/Data/PlaybackEngines/WebGLSupport/UnityEditor.WebGL.Extensions.dll
Register platform support module: C:/Program Files/Unity/Hub/Editor/6000.4.0f1/Editor/Data/PlaybackEngines/WindowsStandaloneSupport/UnityEditor.WindowsStandalone.Extensions.dll
Registered in 0.001342 seconds.
Native extension for WindowsStandalone target not found
Native extension for WebGL target not found
Package Manager log level set to [2]
ScheduleIndexationOnStartup MainProcess:False IndexOnStartup:False
Mono: successfully reloaded assembly
- Finished resetting the current domain, in  0.243 seconds
Domain Reload Profiling: 529ms
	BeginReloadAssembly (92ms)
		CreateAndSetChildDomain (13ms)
	RebuildCommonClasses (22ms)
	RebuildNativeTypeToScriptingClass (7ms)
	initialDomainReloadingComplete (40ms)
	LoadAllAssembliesAndSetupDomain (123ms)
		LoadAssemblies (78ms)
		AnalyzeDomain (118ms)
			TypeCache.Refresh (117ms)
				TypeCache.ScanAssembly (108ms)
	FinalizeReload (244ms)
		SetupLoadedEditorAssemblies (0ms)
			InitializePlatformSupportModulesInManaged (31ms)
			BeforeProcessingInitializeOnLoad (49ms)
			ProcessInitializeOnLoadAttributes (69ms)
			ProcessInitializeOnLoadMethodAttributes (53ms)
[Licensing::Client] Successfully resolved entitlement details
Application.AssetDatabase Initial Refresh Start
[Package Manager] Restoring resolved packages state from cache
[Licensing::Client] Successfully resolved entitlement details
[Package Manager] Registered 6 packages:
  Built-in packages:
    com.unity.modules.audio@1.0.0 (location: ~\repos\Funstra\Library\PackageCache\com.unity.modules.audio)
    com.unity.modules.imgui@1.0.0 (location: ~\repos\Funstra\Library\PackageCache\com.unity.modules.imgui)
    com.unity.modules.physics@1.0.0 (location: ~\repos\Funstra\Library\PackageCache\com.unity.modules.physics)
    com.unity.modules.jsonserialize@1.0.0 (location: ~\repos\Funstra\Library\PackageCache\com.unity.modules.jsonserialize)
    com.unity.modules.imageconversion@1.0.0 (location: ~\repos\Funstra\Library\PackageCache\com.unity.modules.imageconversion)
    com.unity.modules.screencapture@1.0.0 (location: ~\repos\Funstra\Library\PackageCache\com.unity.modules.screencapture)
[Subsystems] No new subsystems found in resolved package list.
[Package Manager] Done registering packages in 0.00 seconds
[ScriptCompilation] Requested script compilation because: AssetDatabase observed changes in script compilation related files
Starting: C:\Program Files\Unity\Hub\Editor\6000.4.0f1\Editor\Data\Tools\BuildPipeline\bee_backend.exe --ipc --defer-dag-verification --dagfile="Library/Bee/1900b0aE.dag" --continue-on-failure --profile="Library/Bee/backend1.traceevents" ScriptAssemblies
WorkingDir: ~/repos/Funstra
DisplayProgressbar: Compiling Scripts
ExitCode: 0 Duration: 1s591ms
[153/159    1s] Csc Library/Bee/artifacts/1900b0aE.dag/Assembly-CSharp.dll (+2 others)
[157/159    0s] CopyFiles Library/ScriptAssemblies/Assembly-CSharp.pdb
[158/159    0s] CopyFiles Library/ScriptAssemblies/Assembly-CSharp.dll
*** Tundra build success (1.57 seconds), 3 items updated, 159 evaluated
AssetDatabase: script compilation time: 1.823589s
Begin MonoManager ReloadAssembly
Assembly Assembly-CSharp-Editor-firstpass.dll at Library/ScriptAssemblies/Assembly-CSharp-Editor-firstpass.dll not valid. Loading of assembly skipped.
Assembly Assembly-CSharp-firstpass.dll at Library/ScriptAssemblies/Assembly-CSharp-firstpass.dll not valid. Loading of assembly skipped.
Native extension for WindowsStandalone target not found
Native extension for WebGL target not found
ScheduleIndexationOnStartup MainProcess:True IndexOnStartup:True
Mono: successfully reloaded assembly
- Finished resetting the current domain, in  0.256 seconds
Domain Reload Profiling: 743ms
	BeginReloadAssembly (232ms)
		DisableScriptedObjects (8ms)
		CreateAndSetChildDomain (135ms)
	RebuildCommonClasses (22ms)
	RebuildNativeTypeToScriptingClass (8ms)
	initialDomainReloadingComplete (211ms)
	LoadAllAssembliesAndSetupDomain (14ms)
		LoadAssemblies (69ms)
		AnalyzeDomain (5ms)
			TypeCache.Refresh (4ms)
	FinalizeReload (256ms)
		SetupLoadedEditorAssemblies (0ms)
			InitializePlatformSupportModulesInManaged (16ms)
			BeforeProcessingInitializeOnLoad (64ms)
			ProcessInitializeOnLoadAttributes (53ms)
			ProcessInitializeOnLoadMethodAttributes (27ms)
			AfterProcessingInitializeOnLoad (4ms)
		AwakeInstancesAfterBackupRestoration (5ms)
(Values over 0.050ms)
Asset Pipeline Refresh (id=724313f3290627c4488fd002e6f6cc40): Total: 2.699 seconds - Initiated by InitialRefreshV2(ForceSynchronousImport)
	Summary:
		Imports: total=0 (actual=0, local cache=0, cache server=0)
		Asset DB Process Time: managed=0 ms, native=333 ms
		Asset DB Callback time: managed=40 ms, native=5 ms
		Scripting: domain reloads=1, domain reload time=489 ms, compile time=1825 ms, other=5 ms
		Project Asset Count: scripts=40, non-scripts=39
		Asset File Changes: new=0, changed=1, moved=0, deleted=0
		Scan Filter Count: 0
	InvokePackagesCallback: 4.791ms
	ApplyChangesToAssetFolders: 0.118ms
	Scan: 43.484ms
	OnSourceAssetsModified: 0.616ms
	CategorizeScriptCompilationAssets: 0.087ms
	ProcessAssetsWithTransientArtifactChanges: 0.466ms
	CategorizeAssets: 0.385ms
	CompileScripts: 1824.939ms
	ImportOutOfDateAssets: 256.751ms (256.568ms without children)
		UnloadImportedAssets: 0.097ms
		OnDemandSchedulerStart: 0.074ms
	PostProcessAllAssets: 41.005ms
		VCAutoAddAssetPostprocess 0.646ms
		MonoPostProcessAllAssets: 39.907ms
			AssetPostprocessor.OnPostprocessAllAssets 12.606ms
			StyleCatalogPostProcessor.OnPostprocessAllAssets 6.709ms
			WindowAssetPostprocessingWatcher.OnPostprocessAllAssets 5.470ms
			BuilderAssetPostprocessor.OnPostprocessAllAssets 3.984ms
			AssetChangedListener.OnPostprocessAllAssets 1.258ms
			SyncVS.PostprocessSyncProject 1.160ms
			RetainedModeAssetPostprocessor.OnPostprocessAllAssets 0.741ms
			SpeedTree9Postprocessor.OnPostprocessAllAssets 0.470ms
			TextAssetPostProcessor.OnPostprocessAllAssets 0.364ms
			ArtifactBrowserPostProcessor.OnPostprocessAllAssets 0.340ms
			ReferencedClipsPostProcessor.OnPostprocessAllAssets 0.216ms
			AudioMixerPostprocessor.OnPostprocessAllAssets 0.155ms
			ScenarioDriftAssetsTracker.OnPostprocessAllAssets 0.133ms
			AssetEvents.OnPostprocessAllAssets 0.132ms
			TerrainToolbarOverlayPostProcessor.OnPostprocessAllAssets 0.131ms
			AssetDatabaseCallbacks.OnPostprocessAllAssets 0.101ms
			ConfigAssetsTracker.OnPostprocessAllAssets 0.100ms
			SpeedTreePostProcessor.OnPostprocessAllAssets 0.095ms
			RenderPipelineGlobalSettingsPostprocessor.OnPostprocessAllAssets 0.055ms
	PostAssetChangesProfiler: 0.259ms
	UnloadStreamsBegin: 0.867ms
	Untracked: 522.774ms

Application.AssetDatabase Initial Refresh End
Scanning for USB devices : 1.393ms
Initializing Unity extensions:
[MODES] ModeService[none].Initialize
[MODES] ModeService[none].LoadModes
[MODES] Loading mode Default (0) for mode-current-id-Funstra
Unloading 3 Unused Serialized files (Serialized files now loaded: 0)
Unloading 57 unused Assets / (0.5 MB). Loaded Objects now: 663.
Memory consumption went from 91.9 MB to 91.4 MB.
Total: 2.956000 ms (FindLiveObjects: 0.029800 ms CreateObjectMapping: 0.005400 ms MarkObjects: 2.794300 ms  DeleteObjects: 0.123800 ms)

FUNSTRA RULES PASSED: 75
UnityEngine.Debug:ExtractStackTraceNoAlloc (byte*,int,string)
UnityEngine.StackTraceUtility:ExtractStackTrace ()
UnityEngine.DebugLogHandler:Internal_Log (UnityEngine.LogType,UnityEngine.LogOption,string,UnityEngine.Object)
UnityEngine.DebugLogHandler:LogFormat (UnityEngine.LogType,UnityEngine.Object,string,object[])
UnityEngine.Logger:Log (UnityEngine.LogType,object)
UnityEngine.Debug:Log (object)
FunstraBuild:VerifyRules () (at Assets/Editor/FunstraBuild.cs:90)
FunstraBuild:BuildPlayer (string,string) (at Assets/Editor/FunstraBuild.cs:22)
FunstraBuild:BuildPressure () (at Assets/Editor/FunstraBuild.cs:16)
FunstraBuild:Build () (at Assets/Editor/FunstraBuild.cs:13)

(Filename: Assets/Editor/FunstraBuild.cs Line: 90)

DISTRICT RULES PASSED: 37
UnityEngine.Debug:ExtractStackTraceNoAlloc (byte*,int,string)
UnityEngine.StackTraceUtility:ExtractStackTrace ()
UnityEngine.DebugLogHandler:Internal_Log (UnityEngine.LogType,UnityEngine.LogOption,string,UnityEngine.Object)
UnityEngine.DebugLogHandler:LogFormat (UnityEngine.LogType,UnityEngine.Object,string,object[])
UnityEngine.Logger:Log (UnityEngine.LogType,object)
UnityEngine.Debug:Log (object)
DistrictRules:Verify () (at Assets/Editor/DistrictRules.cs:74)
FunstraBuild:BuildPlayer (string,string) (at Assets/Editor/FunstraBuild.cs:23)
FunstraBuild:BuildPressure () (at Assets/Editor/FunstraBuild.cs:16)
FunstraBuild:Build () (at Assets/Editor/FunstraBuild.cs:13)

(Filename: Assets/Editor/DistrictRules.cs Line: 74)

Launched and connected shader compiler UnityShaderCompiler.exe after 0.01 seconds
CLINIC PASS / Treatment anchor is in the actual building
UnityEngine.Debug:ExtractStackTraceNoAlloc (byte*,int,string)
UnityEngine.StackTraceUtility:ExtractStackTrace ()
UnityEngine.DebugLogHandler:Internal_Log (UnityEngine.LogType,UnityEngine.LogOption,string,UnityEngine.Object)
UnityEngine.DebugLogHandler:LogFormat (UnityEngine.LogType,UnityEngine.Object,string,object[])
UnityEngine.Logger:Log (UnityEngine.LogType,object)
UnityEngine.Debug:Log (object)
ClinicRules/<>c__DisplayClass0_0:<Verify>b__0 (bool,string) (at Assets/Editor/ClinicRules.cs:13)
ClinicRules:Verify () (at Assets/Editor/ClinicRules.cs:18)
FunstraBuild:BuildPlayer (string,string) (at Assets/Editor/FunstraBuild.cs:26)
FunstraBuild:BuildPressure () (at Assets/Editor/FunstraBuild.cs:16)
FunstraBuild:Build () (at Assets/Editor/FunstraBuild.cs:13)

(Filename: Assets/Editor/ClinicRules.cs Line: 13)

CLINIC PASS / South entrance to treatment endpoints clear
UnityEngine.Debug:ExtractStackTraceNoAlloc (byte*,int,string)
UnityEngine.StackTraceUtility:ExtractStackTrace ()
UnityEngine.DebugLogHandler:Internal_Log (UnityEngine.LogType,UnityEngine.LogOption,string,UnityEngine.Object)
UnityEngine.DebugLogHandler:LogFormat (UnityEngine.LogType,UnityEngine.Object,string,object[])
UnityEngine.Logger:Log (UnityEngine.LogType,object)
UnityEngine.Debug:Log (object)
ClinicRules/<>c__DisplayClass0_0:<Verify>b__0 (bool,string) (at Assets/Editor/ClinicRules.cs:13)
ClinicRules:Route (Funstra.CityNavigation,UnityEngine.Vector3,UnityEngine.Vector3,string,System.Action`2<bool, string>) (at Assets/Editor/ClinicRules.cs:62)
ClinicRules:Verify () (at Assets/Editor/ClinicRules.cs:19)
FunstraBuild:BuildPlayer (string,string) (at Assets/Editor/FunstraBuild.cs:26)
FunstraBuild:BuildPressure () (at Assets/Editor/FunstraBuild.cs:16)
FunstraBuild:Build () (at Assets/Editor/FunstraBuild.cs:13)

(Filename: Assets/Editor/ClinicRules.cs Line: 13)

CLINIC PASS / South entrance to treatment path exists
UnityEngine.Debug:ExtractStackTraceNoAlloc (byte*,int,string)
UnityEngine.StackTraceUtility:ExtractStackTrace ()
UnityEngine.DebugLogHandler:Internal_Log (UnityEngine.LogType,UnityEngine.LogOption,string,UnityEngine.Object)
UnityEngine.DebugLogHandler:LogFormat (UnityEngine.LogType,UnityEngine.Object,string,object[])
UnityEngine.Logger:Log (UnityEngine.LogType,object)
UnityEngine.Debug:Log (object)
ClinicRules/<>c__DisplayClass0_0:<Verify>b__0 (bool,string) (at Assets/Editor/ClinicRules.cs:13)
ClinicRules:Route (Funstra.CityNavigation,UnityEngine.Vector3,UnityEngine.Vector3,string,System.Action`2<bool, string>) (at Assets/Editor/ClinicRules.cs:63)
ClinicRules:Verify () (at Assets/Editor/ClinicRules.cs:19)
FunstraBuild:BuildPlayer (string,string) (at Assets/Editor/FunstraBuild.cs:26)
FunstraBuild:BuildPressure () (at Assets/Editor/FunstraBuild.cs:16)
FunstraBuild:Build () (at Assets/Editor/FunstraBuild.cs:13)

(Filename: Assets/Editor/ClinicRules.cs Line: 13)

CLINIC PASS / South entrance to treatment path segment clears furnishings and walls
UnityEngine.Debug:ExtractStackTraceNoAlloc (byte*,int,string)
UnityEngine.StackTraceUtility:ExtractStackTrace ()
UnityEngine.DebugLogHandler:Internal_Log (UnityEngine.LogType,UnityEngine.LogOption,string,UnityEngine.Object)
UnityEngine.DebugLogHandler:LogFormat (UnityEngine.LogType,UnityEngine.Object,string,object[])
UnityEngine.Logger:Log (UnityEngine.LogType,object)
UnityEngine.Debug:Log (object)
ClinicRules/<>c__DisplayClass0_0:<Verify>b__0 (bool,string) (at Assets/Editor/ClinicRules.cs:13)
ClinicRules:Route (Funstra.CityNavigation,UnityEngine.Vector3,UnityEngine.Vector3,string,System.Action`2<bool, string>) (at Assets/Editor/ClinicRules.cs:65)
ClinicRules:Verify () (at Assets/Editor/ClinicRules.cs:19)
FunstraBuild:BuildPlayer (string,string) (at Assets/Editor/FunstraBuild.cs:26)
FunstraBuild:BuildPressure () (at Assets/Editor/FunstraBuild.cs:16)
FunstraBuild:Build () (at Assets/Editor/FunstraBuild.cs:13)

(Filename: Assets/Editor/ClinicRules.cs Line: 13)

CLINIC PASS / South entrance to treatment path segment clears furnishings and walls
UnityEngine.Debug:ExtractStackTraceNoAlloc (byte*,int,string)
UnityEngine.StackTraceUtility:ExtractStackTrace ()
UnityEngine.DebugLogHandler:Internal_Log (UnityEngine.LogType,UnityEngine.LogOption,string,UnityEngine.Object)
UnityEngine.DebugLogHandler:LogFormat (UnityEngine.LogType,UnityEngine.Object,string,object[])
UnityEngine.Logger:Log (UnityEngine.LogType,object)
UnityEngine.Debug:Log (object)
ClinicRules/<>c__DisplayClass0_0:<Verify>b__0 (bool,string) (at Assets/Editor/ClinicRules.cs:13)
ClinicRules:Route (Funstra.CityNavigation,UnityEngine.Vector3,UnityEngine.Vector3,string,System.Action`2<bool, string>) (at Assets/Editor/ClinicRules.cs:65)
ClinicRules:Verify () (at Assets/Editor/ClinicRules.cs:19)
FunstraBuild:BuildPlayer (string,string) (at Assets/Editor/FunstraBuild.cs:26)
FunstraBuild:BuildPressure () (at Assets/Editor/FunstraBuild.cs:16)
FunstraBuild:Build () (at Assets/Editor/FunstraBuild.cs:13)

(Filename: Assets/Editor/ClinicRules.cs Line: 13)

CLINIC PASS / South entrance to treatment path segment clears furnishings and walls
UnityEngine.Debug:ExtractStackTraceNoAlloc (byte*,int,string)
UnityEngine.StackTraceUtility:ExtractStackTrace ()
UnityEngine.DebugLogHandler:Internal_Log (UnityEngine.LogType,UnityEngine.LogOption,string,UnityEngine.Object)
UnityEngine.DebugLogHandler:LogFormat (UnityEngine.LogType,UnityEngine.Object,string,object[])
UnityEngine.Logger:Log (UnityEngine.LogType,object)
UnityEngine.Debug:Log (object)
ClinicRules/<>c__DisplayClass0_0:<Verify>b__0 (bool,string) (at Assets/Editor/ClinicRules.cs:13)
ClinicRules:Route (Funstra.CityNavigation,UnityEngine.Vector3,UnityEngine.Vector3,string,System.Action`2<bool, string>) (at Assets/Editor/ClinicRules.cs:65)
ClinicRules:Verify () (at Assets/Editor/ClinicRules.cs:19)
FunstraBuild:BuildPlayer (string,string) (at Assets/Editor/FunstraBuild.cs:26)
FunstraBuild:BuildPressure () (at Assets/Editor/FunstraBuild.cs:16)
FunstraBuild:Build () (at Assets/Editor/FunstraBuild.cs:13)

(Filename: Assets/Editor/ClinicRules.cs Line: 13)

CLINIC PASS / South entrance to treatment path segment clears furnishings and walls
UnityEngine.Debug:ExtractStackTraceNoAlloc (byte*,int,string)
UnityEngine.StackTraceUtility:ExtractStackTrace ()
UnityEngine.DebugLogHandler:Internal_Log (UnityEngine.LogType,UnityEngine.LogOption,string,UnityEngine.Object)
UnityEngine.DebugLogHandler:LogFormat (UnityEngine.LogType,UnityEngine.Object,string,object[])
UnityEngine.Logger:Log (UnityEngine.LogType,object)
UnityEngine.Debug:Log (object)
ClinicRules/<>c__DisplayClass0_0:<Verify>b__0 (bool,string) (at Assets/Editor/ClinicRules.cs:13)
ClinicRules:Route (Funstra.CityNavigation,UnityEngine.Vector3,UnityEngine.Vector3,string,System.Action`2<bool, string>) (at Assets/Editor/ClinicRules.cs:65)
ClinicRules:Verify () (at Assets/Editor/ClinicRules.cs:19)
FunstraBuild:BuildPlayer (string,string) (at Assets/Editor/FunstraBuild.cs:26)
FunstraBuild:BuildPressure () (at Assets/Editor/FunstraBuild.cs:16)
FunstraBuild:Build () (at Assets/Editor/FunstraBuild.cs:13)

(Filename: Assets/Editor/ClinicRules.cs Line: 13)

CLINIC PASS / South entrance to treatment path segment clears furnishings and walls
UnityEngine.Debug:ExtractStackTraceNoAlloc (byte*,int,string)
UnityEngine.StackTraceUtility:ExtractStackTrace ()
UnityEngine.DebugLogHandler:Internal_Log (UnityEngine.LogType,UnityEngine.LogOption,string,UnityEngine.Object)
UnityEngine.DebugLogHandler:LogFormat (UnityEngine.LogType,UnityEngine.Object,string,object[])
UnityEngine.Logger:Log (UnityEngine.LogType,object)
UnityEngine.Debug:Log (object)
ClinicRules/<>c__DisplayClass0_0:<Verify>b__0 (bool,string) (at Assets/Editor/ClinicRules.cs:13)
ClinicRules:Route (Funstra.CityNavigation,UnityEngine.Vector3,UnityEngine.Vector3,string,System.Action`2<bool, string>) (at Assets/Editor/ClinicRules.cs:65)
ClinicRules:Verify () (at Assets/Editor/ClinicRules.cs:19)
FunstraBuild:BuildPlayer (string,string) (at Assets/Editor/FunstraBuild.cs:26)
FunstraBuild:BuildPressure () (at Assets/Editor/FunstraBuild.cs:16)
FunstraBuild:Build () (at Assets/Editor/FunstraBuild.cs:13)

(Filename: Assets/Editor/ClinicRules.cs Line: 13)

CLINIC PASS / South entrance to treatment path segment clears furnishings and walls
UnityEngine.Debug:ExtractStackTraceNoAlloc (byte*,int,string)
UnityEngine.StackTraceUtility:ExtractStackTrace ()
UnityEngine.DebugLogHandler:Internal_Log (UnityEngine.LogType,UnityEngine.LogOption,string,UnityEngine.Object)
UnityEngine.DebugLogHandler:LogFormat (UnityEngine.LogType,UnityEngine.Object,string,object[])
UnityEngine.Logger:Log (UnityEngine.LogType,object)
UnityEngine.Debug:Log (object)
ClinicRules/<>c__DisplayClass0_0:<Verify>b__0 (bool,string) (at Assets/Editor/ClinicRules.cs:13)
ClinicRules:Route (Funstra.CityNavigation,UnityEngine.Vector3,UnityEngine.Vector3,string,System.Action`2<bool, string>) (at Assets/Editor/ClinicRules.cs:65)
ClinicRules:Verify () (at Assets/Editor/ClinicRules.cs:19)
FunstraBuild:BuildPlayer (string,string) (at Assets/Editor/FunstraBuild.cs:26)
FunstraBuild:BuildPressure () (at Assets/Editor/FunstraBuild.cs:16)
FunstraBuild:Build () (at Assets/Editor/FunstraBuild.cs:13)

(Filename: Assets/Editor/ClinicRules.cs Line: 13)

CLINIC PASS / South entrance to treatment path segment clears furnishings and walls
UnityEngine.Debug:ExtractStackTraceNoAlloc (byte*,int,string)
UnityEngine.StackTraceUtility:ExtractStackTrace ()
UnityEngine.DebugLogHandler:Internal_Log (UnityEngine.LogType,UnityEngine.LogOption,string,UnityEngine.Object)
UnityEngine.DebugLogHandler:LogFormat (UnityEngine.LogType,UnityEngine.Object,string,object[])
UnityEngine.Logger:Log (UnityEngine.LogType,object)
UnityEngine.Debug:Log (object)
ClinicRules/<>c__DisplayClass0_0:<Verify>b__0 (bool,string) (at Assets/Editor/ClinicRules.cs:13)
ClinicRules:Route (Funstra.CityNavigation,UnityEngine.Vector3,UnityEngine.Vector3,string,System.Action`2<bool, string>) (at Assets/Editor/ClinicRules.cs:65)
ClinicRules:Verify () (at Assets/Editor/ClinicRules.cs:19)
FunstraBuild:BuildPlayer (string,string) (at Assets/Editor/FunstraBuild.cs:26)
FunstraBuild:BuildPressure () (at Assets/Editor/FunstraBuild.cs:16)
FunstraBuild:Build () (at Assets/Editor/FunstraBuild.cs:13)

(Filename: Assets/Editor/ClinicRules.cs Line: 13)

CLINIC PASS / South entrance to treatment path segment clears furnishings and walls
UnityEngine.Debug:ExtractStackTraceNoAlloc (byte*,int,string)
UnityEngine.StackTraceUtility:ExtractStackTrace ()
UnityEngine.DebugLogHandler:Internal_Log (UnityEngine.LogType,UnityEngine.LogOption,string,UnityEngine.Object)
UnityEngine.DebugLogHandler:LogFormat (UnityEngine.LogType,UnityEngine.Object,string,object[])
UnityEngine.Logger:Log (UnityEngine.LogType,object)
UnityEngine.Debug:Log (object)
ClinicRules/<>c__DisplayClass0_0:<Verify>b__0 (bool,string) (at Assets/Editor/ClinicRules.cs:13)
ClinicRules:Route (Funstra.CityNavigation,UnityEngine.Vector3,UnityEngine.Vector3,string,System.Action`2<bool, string>) (at Assets/Editor/ClinicRules.cs:65)
ClinicRules:Verify () (at Assets/Editor/ClinicRules.cs:19)
FunstraBuild:BuildPlayer (string,string) (at Assets/Editor/FunstraBuild.cs:26)
FunstraBuild:BuildPressure () (at Assets/Editor/FunstraBuild.cs:16)
FunstraBuild:Build () (at Assets/Editor/FunstraBuild.cs:13)

(Filename: Assets/Editor/ClinicRules.cs Line: 13)

CLINIC PASS / South entrance to treatment path segment clears furnishings and walls
UnityEngine.Debug:ExtractStackTraceNoAlloc (byte*,int,string)
UnityEngine.StackTraceUtility:ExtractStackTrace ()
UnityEngine.DebugLogHandler:Internal_Log (UnityEngine.LogType,UnityEngine.LogOption,string,UnityEngine.Object)
UnityEngine.DebugLogHandler:LogFormat (UnityEngine.LogType,UnityEngine.Object,string,object[])
UnityEngine.Logger:Log (UnityEngine.LogType,object)
UnityEngine.Debug:Log (object)
ClinicRules/<>c__DisplayClass0_0:<Verify>b__0 (bool,string) (at Assets/Editor/ClinicRules.cs:13)
ClinicRules:Route (Funstra.CityNavigation,UnityEngine.Vector3,UnityEngine.Vector3,string,System.Action`2<bool, string>) (at Assets/Editor/ClinicRules.cs:65)
ClinicRules:Verify () (at Assets/Editor/ClinicRules.cs:19)
FunstraBuild:BuildPlayer (string,string) (at Assets/Editor/FunstraBuild.cs:26)
FunstraBuild:BuildPressure () (at Assets/Editor/FunstraBuild.cs:16)
FunstraBuild:Build () (at Assets/Editor/FunstraBuild.cs:13)

(Filename: Assets/Editor/ClinicRules.cs Line: 13)

CLINIC PASS / South entrance to treatment path segment clears furnishings and walls
UnityEngine.Debug:ExtractStackTraceNoAlloc (byte*,int,string)
UnityEngine.StackTraceUtility:ExtractStackTrace ()
UnityEngine.DebugLogHandler:Internal_Log (UnityEngine.LogType,UnityEngine.LogOption,string,UnityEngine.Object)
UnityEngine.DebugLogHandler:LogFormat (UnityEngine.LogType,UnityEngine.Object,string,object[])
UnityEngine.Logger:Log (UnityEngine.LogType,object)
UnityEngine.Debug:Log (object)
ClinicRules/<>c__DisplayClass0_0:<Verify>b__0 (bool,string) (at Assets/Editor/ClinicRules.cs:13)
ClinicRules:Route (Funstra.CityNavigation,UnityEngine.Vector3,UnityEngine.Vector3,string,System.Action`2<bool, string>) (at Assets/Editor/ClinicRules.cs:65)
ClinicRules:Verify () (at Assets/Editor/ClinicRules.cs:19)
FunstraBuild:BuildPlayer (string,string) (at Assets/Editor/FunstraBuild.cs:26)
FunstraBuild:BuildPressure () (at Assets/Editor/FunstraBuild.cs:16)
FunstraBuild:Build () (at Assets/Editor/FunstraBuild.cs:13)

(Filename: Assets/Editor/ClinicRules.cs Line: 13)

CLINIC PASS / South entrance to treatment path segment clears furnishings and walls
UnityEngine.Debug:ExtractStackTraceNoAlloc (byte*,int,string)
UnityEngine.StackTraceUtility:ExtractStackTrace ()
UnityEngine.DebugLogHandler:Internal_Log (UnityEngine.LogType,UnityEngine.LogOption,string,UnityEngine.Object)
UnityEngine.DebugLogHandler:LogFormat (UnityEngine.LogType,UnityEngine.Object,string,object[])
UnityEngine.Logger:Log (UnityEngine.LogType,object)
UnityEngine.Debug:Log (object)
ClinicRules/<>c__DisplayClass0_0:<Verify>b__0 (bool,string) (at Assets/Editor/ClinicRules.cs:13)
ClinicRules:Route (Funstra.CityNavigation,UnityEngine.Vector3,UnityEngine.Vector3,string,System.Action`2<bool, string>) (at Assets/Editor/ClinicRules.cs:65)
ClinicRules:Verify () (at Assets/Editor/ClinicRules.cs:19)
FunstraBuild:BuildPlayer (string,string) (at Assets/Editor/FunstraBuild.cs:26)
FunstraBuild:BuildPressure () (at Assets/Editor/FunstraBuild.cs:16)
FunstraBuild:Build () (at Assets/Editor/FunstraBuild.cs:13)

(Filename: Assets/Editor/ClinicRules.cs Line: 13)

CLINIC PASS / South entrance to treatment reaches intended destination
UnityEngine.Debug:ExtractStackTraceNoAlloc (byte*,int,string)
UnityEngine.StackTraceUtility:ExtractStackTrace ()
UnityEngine.DebugLogHandler:Internal_Log (UnityEngine.LogType,UnityEngine.LogOption,string,UnityEngine.Object)
UnityEngine.DebugLogHandler:LogFormat (UnityEngine.LogType,UnityEngine.Object,string,object[])
UnityEngine.Logger:Log (UnityEngine.LogType,object)
UnityEngine.Debug:Log (object)
ClinicRules/<>c__DisplayClass0_0:<Verify>b__0 (bool,string) (at Assets/Editor/ClinicRules.cs:13)
ClinicRules:Route (Funstra.CityNavigation,UnityEngine.Vector3,UnityEngine.Vector3,string,System.Action`2<bool, string>) (at Assets/Editor/ClinicRules.cs:66)
ClinicRules:Verify () (at Assets/Editor/ClinicRules.cs:19)
FunstraBuild:BuildPlayer (string,string) (at Assets/Editor/FunstraBuild.cs:26)
FunstraBuild:BuildPressure () (at Assets/Editor/FunstraBuild.cs:16)
FunstraBuild:Build () (at Assets/Editor/FunstraBuild.cs:13)

(Filename: Assets/Editor/ClinicRules.cs Line: 13)

CLINIC PASS / East entrance to treatment endpoints clear
UnityEngine.Debug:ExtractStackTraceNoAlloc (byte*,int,string)
UnityEngine.StackTraceUtility:ExtractStackTrace ()
UnityEngine.DebugLogHandler:Internal_Log (UnityEngine.LogType,UnityEngine.LogOption,string,UnityEngine.Object)
UnityEngine.DebugLogHandler:LogFormat (UnityEngine.LogType,UnityEngine.Object,string,object[])
UnityEngine.Logger:Log (UnityEngine.LogType,object)
UnityEngine.Debug:Log (object)
ClinicRules/<>c__DisplayClass0_0:<Verify>b__0 (bool,string) (at Assets/Editor/ClinicRules.cs:13)
ClinicRules:Route (Funstra.CityNavigation,UnityEngine.Vector3,UnityEngine.Vector3,string,System.Action`2<bool, string>) (at Assets/Editor/ClinicRules.cs:62)
ClinicRules:Verify () (at Assets/Editor/ClinicRules.cs:20)
FunstraBuild:BuildPlayer (string,string) (at Assets/Editor/FunstraBuild.cs:26)
FunstraBuild:BuildPressure () (at Assets/Editor/FunstraBuild.cs:16)
FunstraBuild:Build () (at Assets/Editor/FunstraBuild.cs:13)

(Filename: Assets/Editor/ClinicRules.cs Line: 13)

CLINIC PASS / East entrance to treatment path exists
UnityEngine.Debug:ExtractStackTraceNoAlloc (byte*,int,string)
UnityEngine.StackTraceUtility:ExtractStackTrace ()
UnityEngine.DebugLogHandler:Internal_Log (UnityEngine.LogType,UnityEngine.LogOption,string,UnityEngine.Object)
UnityEngine.DebugLogHandler:LogFormat (UnityEngine.LogType,UnityEngine.Object,string,object[])
UnityEngine.Logger:Log (UnityEngine.LogType,object)
UnityEngine.Debug:Log (object)
ClinicRules/<>c__DisplayClass0_0:<Verify>b__0 (bool,string) (at Assets/Editor/ClinicRules.cs:13)
ClinicRules:Route (Funstra.CityNavigation,UnityEngine.Vector3,UnityEngine.Vector3,string,System.Action`2<bool, string>) (at Assets/Editor/ClinicRules.cs:63)
ClinicRules:Verify () (at Assets/Editor/ClinicRules.cs:20)
FunstraBuild:BuildPlayer (string,string) (at Assets/Editor/FunstraBuild.cs:26)
FunstraBuild:BuildPressure () (at Assets/Editor/FunstraBuild.cs:16)
FunstraBuild:Build () (at Assets/Editor/FunstraBuild.cs:13)

(Filename: Assets/Editor/ClinicRules.cs Line: 13)

CLINIC PASS / East entrance to treatment path segment clears furnishings and walls
UnityEngine.Debug:ExtractStackTraceNoAlloc (byte*,int,string)
UnityEngine.StackTraceUtility:ExtractStackTrace ()
UnityEngine.DebugLogHandler:Internal_Log (UnityEngine.LogType,UnityEngine.LogOption,string,UnityEngine.Object)
UnityEngine.DebugLogHandler:LogFormat (UnityEngine.LogType,UnityEngine.Object,string,object[])
UnityEngine.Logger:Log (UnityEngine.LogType,object)
UnityEngine.Debug:Log (object)
ClinicRules/<>c__DisplayClass0_0:<Verify>b__0 (bool,string) (at Assets/Editor/ClinicRules.cs:13)
ClinicRules:Route (Funstra.CityNavigation,UnityEngine.Vector3,UnityEngine.Vector3,string,System.Action`2<bool, string>) (at Assets/Editor/ClinicRules.cs:65)
ClinicRules:Verify () (at Assets/Editor/ClinicRules.cs:20)
FunstraBuild:BuildPlayer (string,string) (at Assets/Editor/FunstraBuild.cs:26)
FunstraBuild:BuildPressure () (at Assets/Editor/FunstraBuild.cs:16)
FunstraBuild:Build () (at Assets/Editor/FunstraBuild.cs:13)

(Filename: Assets/Editor/ClinicRules.cs Line: 13)

CLINIC PASS / East entrance to treatment reaches intended destination
UnityEngine.Debug:ExtractStackTraceNoAlloc (byte*,int,string)
UnityEngine.StackTraceUtility:ExtractStackTrace ()
UnityEngine.DebugLogHandler:Internal_Log (UnityEngine.LogType,UnityEngine.LogOption,string,UnityEngine.Object)
UnityEngine.DebugLogHandler:LogFormat (UnityEngine.LogType,UnityEngine.Object,string,object[])
UnityEngine.Logger:Log (UnityEngine.LogType,object)
UnityEngine.Debug:Log (object)
ClinicRules/<>c__DisplayClass0_0:<Verify>b__0 (bool,string) (at Assets/Editor/ClinicRules.cs:13)
ClinicRules:Route (Funstra.CityNavigation,UnityEngine.Vector3,UnityEngine.Vector3,string,System.Action`2<bool, string>) (at Assets/Editor/ClinicRules.cs:66)
ClinicRules:Verify () (at Assets/Editor/ClinicRules.cs:20)
FunstraBuild:BuildPlayer (string,string) (at Assets/Editor/FunstraBuild.cs:26)
FunstraBuild:BuildPressure () (at Assets/Editor/FunstraBuild.cs:16)
FunstraBuild:Build () (at Assets/Editor/FunstraBuild.cs:13)

(Filename: Assets/Editor/ClinicRules.cs Line: 13)

CLINIC PASS / Treatment to medicine store endpoints clear
UnityEngine.Debug:ExtractStackTraceNoAlloc (byte*,int,string)
UnityEngine.StackTraceUtility:ExtractStackTrace ()
UnityEngine.DebugLogHandler:Internal_Log (UnityEngine.LogType,UnityEngine.LogOption,string,UnityEngine.Object)
UnityEngine.DebugLogHandler:LogFormat (UnityEngine.LogType,UnityEngine.Object,string,object[])
UnityEngine.Logger:Log (UnityEngine.LogType,object)
UnityEngine.Debug:Log (object)
ClinicRules/<>c__DisplayClass0_0:<Verify>b__0 (bool,string) (at Assets/Editor/ClinicRules.cs:13)
ClinicRules:Route (Funstra.CityNavigation,UnityEngine.Vector3,UnityEngine.Vector3,string,System.Action`2<bool, string>) (at Assets/Editor/ClinicRules.cs:62)
ClinicRules:Verify () (at Assets/Editor/ClinicRules.cs:21)
FunstraBuild:BuildPlayer (string,string) (at Assets/Editor/FunstraBuild.cs:26)
FunstraBuild:BuildPressure () (at Assets/Editor/FunstraBuild.cs:16)
FunstraBuild:Build () (at Assets/Editor/FunstraBuild.cs:13)

(Filename: Assets/Editor/ClinicRules.cs Line: 13)

CLINIC PASS / Treatment to medicine store path exists
UnityEngine.Debug:ExtractStackTraceNoAlloc (byte*,int,string)
UnityEngine.StackTraceUtility:ExtractStackTrace ()
UnityEngine.DebugLogHandler:Internal_Log (UnityEngine.LogType,UnityEngine.LogOption,string,UnityEngine.Object)
UnityEngine.DebugLogHandler:LogFormat (UnityEngine.LogType,UnityEngine.Object,string,object[])
UnityEngine.Logger:Log (UnityEngine.LogType,object)
UnityEngine.Debug:Log (object)
ClinicRules/<>c__DisplayClass0_0:<Verify>b__0 (bool,string) (at Assets/Editor/ClinicRules.cs:13)
ClinicRules:Route (Funstra.CityNavigation,UnityEngine.Vector3,UnityEngine.Vector3,string,System.Action`2<bool, string>) (at Assets/Editor/ClinicRules.cs:63)
ClinicRules:Verify () (at Assets/Editor/ClinicRules.cs:21)
FunstraBuild:BuildPlayer (string,string) (at Assets/Editor/FunstraBuild.cs:26)
FunstraBuild:BuildPressure () (at Assets/Editor/FunstraBuild.cs:16)
FunstraBuild:Build () (at Assets/Editor/FunstraBuild.cs:13)

(Filename: Assets/Editor/ClinicRules.cs Line: 13)

CLINIC PASS / Treatment to medicine store path segment clears furnishings and walls
UnityEngine.Debug:ExtractStackTraceNoAlloc (byte*,int,string)
UnityEngine.StackTraceUtility:ExtractStackTrace ()
UnityEngine.DebugLogHandler:Internal_Log (UnityEngine.LogType,UnityEngine.LogOption,string,UnityEngine.Object)
UnityEngine.DebugLogHandler:LogFormat (UnityEngine.LogType,UnityEngine.Object,string,object[])
UnityEngine.Logger:Log (UnityEngine.LogType,object)
UnityEngine.Debug:Log (object)
ClinicRules/<>c__DisplayClass0_0:<Verify>b__0 (bool,string) (at Assets/Editor/ClinicRules.cs:13)
ClinicRules:Route (Funstra.CityNavigation,UnityEngine.Vector3,UnityEngine.Vector3,string,System.Action`2<bool, string>) (at Assets/Editor/ClinicRules.cs:65)
ClinicRules:Verify () (at Assets/Editor/ClinicRules.cs:21)
FunstraBuild:BuildPlayer (string,string) (at Assets/Editor/FunstraBuild.cs:26)
FunstraBuild:BuildPressure () (at Assets/Editor/FunstraBuild.cs:16)
FunstraBuild:Build () (at Assets/Editor/FunstraBuild.cs:13)

(Filename: Assets/Editor/ClinicRules.cs Line: 13)

CLINIC PASS / Treatment to medicine store path segment clears furnishings and walls
UnityEngine.Debug:ExtractStackTraceNoAlloc (byte*,int,string)
UnityEngine.StackTraceUtility:ExtractStackTrace ()
UnityEngine.DebugLogHandler:Internal_Log (UnityEngine.LogType,UnityEngine.LogOption,string,UnityEngine.Object)
UnityEngine.DebugLogHandler:LogFormat (UnityEngine.LogType,UnityEngine.Object,string,object[])
UnityEngine.Logger:Log (UnityEngine.LogType,object)
UnityEngine.Debug:Log (object)
ClinicRules/<>c__DisplayClass0_0:<Verify>b__0 (bool,string) (at Assets/Editor/ClinicRules.cs:13)
ClinicRules:Route (Funstra.CityNavigation,UnityEngine.Vector3,UnityEngine.Vector3,string,System.Action`2<bool, string>) (at Assets/Editor/ClinicRules.cs:65)
ClinicRules:Verify () (at Assets/Editor/ClinicRules.cs:21)
FunstraBuild:BuildPlayer (string,string) (at Assets/Editor/FunstraBuild.cs:26)
FunstraBuild:BuildPressure () (at Assets/Editor/FunstraBuild.cs:16)
FunstraBuild:Build () (at Assets/Editor/FunstraBuild.cs:13)

(Filename: Assets/Editor/ClinicRules.cs Line: 13)

CLINIC PASS / Treatment to medicine store path segment clears furnishings and walls
UnityEngine.Debug:ExtractStackTraceNoAlloc (byte*,int,string)
UnityEngine.StackTraceUtility:ExtractStackTrace ()
UnityEngine.DebugLogHandler:Internal_Log (UnityEngine.LogType,UnityEngine.LogOption,string,UnityEngine.Object)
UnityEngine.DebugLogHandler:LogFormat (UnityEngine.LogType,UnityEngine.Object,string,object[])
UnityEngine.Logger:Log (UnityEngine.LogType,object)
UnityEngine.Debug:Log (object)
ClinicRules/<>c__DisplayClass0_0:<Verify>b__0 (bool,string) (at Assets/Editor/ClinicRules.cs:13)
ClinicRules:Route (Funstra.CityNavigation,UnityEngine.Vector3,UnityEngine.Vector3,string,System.Action`2<bool, string>) (at Assets/Editor/ClinicRules.cs:65)
ClinicRules:Verify () (at Assets/Editor/ClinicRules.cs:21)
FunstraBuild:BuildPlayer (string,string) (at Assets/Editor/FunstraBuild.cs:26)
FunstraBuild:BuildPressure () (at Assets/Editor/FunstraBuild.cs:16)
FunstraBuild:Build () (at Assets/Editor/FunstraBuild.cs:13)

(Filename: Assets/Editor/ClinicRules.cs Line: 13)

CLINIC PASS / Treatment to medicine store path segment clears furnishings and walls
UnityEngine.Debug:ExtractStackTraceNoAlloc (byte*,int,string)
UnityEngine.StackTraceUtility:ExtractStackTrace ()
UnityEngine.DebugLogHandler:Internal_Log (UnityEngine.LogType,UnityEngine.LogOption,string,UnityEngine.Object)
UnityEngine.DebugLogHandler:LogFormat (UnityEngine.LogType,UnityEngine.Object,string,object[])
UnityEngine.Logger:Log (UnityEngine.LogType,object)
UnityEngine.Debug:Log (object)
ClinicRules/<>c__DisplayClass0_0:<Verify>b__0 (bool,string) (at Assets/Editor/ClinicRules.cs:13)
ClinicRules:Route (Funstra.CityNavigation,UnityEngine.Vector3,UnityEngine.Vector3,string,System.Action`2<bool, string>) (at Assets/Editor/ClinicRules.cs:65)
ClinicRules:Verify () (at Assets/Editor/ClinicRules.cs:21)
FunstraBuild:BuildPlayer (string,string) (at Assets/Editor/FunstraBuild.cs:26)
FunstraBuild:BuildPressure () (at Assets/Editor/FunstraBuild.cs:16)
FunstraBuild:Build () (at Assets/Editor/FunstraBuild.cs:13)

(Filename: Assets/Editor/ClinicRules.cs Line: 13)

CLINIC PASS / Treatment to medicine store path segment clears furnishings and walls
UnityEngine.Debug:ExtractStackTraceNoAlloc (byte*,int,string)
UnityEngine.StackTraceUtility:ExtractStackTrace ()
UnityEngine.DebugLogHandler:Internal_Log (UnityEngine.LogType,UnityEngine.LogOption,string,UnityEngine.Object)
UnityEngine.DebugLogHandler:LogFormat (UnityEngine.LogType,UnityEngine.Object,string,object[])
UnityEngine.Logger:Log (UnityEngine.LogType,object)
UnityEngine.Debug:Log (object)
ClinicRules/<>c__DisplayClass0_0:<Verify>b__0 (bool,string) (at Assets/Editor/ClinicRules.cs:13)
ClinicRules:Route (Funstra.CityNavigation,UnityEngine.Vector3,UnityEngine.Vector3,string,System.Action`2<bool, string>) (at Assets/Editor/ClinicRules.cs:65)
ClinicRules:Verify () (at Assets/Editor/ClinicRules.cs:21)
FunstraBuild:BuildPlayer (string,string) (at Assets/Editor/FunstraBuild.cs:26)
FunstraBuild:BuildPressure () (at Assets/Editor/FunstraBuild.cs:16)
FunstraBuild:Build () (at Assets/Editor/FunstraBuild.cs:13)

(Filename: Assets/Editor/ClinicRules.cs Line: 13)

CLINIC PASS / Treatment to medicine store path segment clears furnishings and walls
UnityEngine.Debug:ExtractStackTraceNoAlloc (byte*,int,string)
UnityEngine.StackTraceUtility:ExtractStackTrace ()
UnityEngine.DebugLogHandler:Internal_Log (UnityEngine.LogType,UnityEngine.LogOption,string,UnityEngine.Object)
UnityEngine.DebugLogHandler:LogFormat (UnityEngine.LogType,UnityEngine.Object,string,object[])
UnityEngine.Logger:Log (UnityEngine.LogType,object)
UnityEngine.Debug:Log (object)
ClinicRules/<>c__DisplayClass0_0:<Verify>b__0 (bool,string) (at Assets/Editor/ClinicRules.cs:13)
ClinicRules:Route (Funstra.CityNavigation,UnityEngine.Vector3,UnityEngine.Vector3,string,System.Action`2<bool, string>) (at Assets/Editor/ClinicRules.cs:65)
ClinicRules:Verify () (at Assets/Editor/ClinicRules.cs:21)
FunstraBuild:BuildPlayer (string,string) (at Assets/Editor/FunstraBuild.cs:26)
FunstraBuild:BuildPressure () (at Assets/Editor/FunstraBuild.cs:16)
FunstraBuild:Build () (at Assets/Editor/FunstraBuild.cs:13)

(Filename: Assets/Editor/ClinicRules.cs Line: 13)

CLINIC PASS / Treatment to medicine store path segment clears furnishings and walls
UnityEngine.Debug:ExtractStackTraceNoAlloc (byte*,int,string)
UnityEngine.StackTraceUtility:ExtractStackTrace ()
UnityEngine.DebugLogHandler:Internal_Log (UnityEngine.LogType,UnityEngine.LogOption,string,UnityEngine.Object)
UnityEngine.DebugLogHandler:LogFormat (UnityEngine.LogType,UnityEngine.Object,string,object[])
UnityEngine.Logger:Log (UnityEngine.LogType,object)
UnityEngine.Debug:Log (object)
ClinicRules/<>c__DisplayClass0_0:<Verify>b__0 (bool,string) (at Assets/Editor/ClinicRules.cs:13)
ClinicRules:Route (Funstra.CityNavigation,UnityEngine.Vector3,UnityEngine.Vector3,string,System.Action`2<bool, string>) (at Assets/Editor/ClinicRules.cs:65)
ClinicRules:Verify () (at Assets/Editor/ClinicRules.cs:21)
FunstraBuild:BuildPlayer (string,string) (at Assets/Editor/FunstraBuild.cs:26)
FunstraBuild:BuildPressure () (at Assets/Editor/FunstraBuild.cs:16)
FunstraBuild:Build () (at Assets/Editor/FunstraBuild.cs:13)

(Filename: Assets/Editor/ClinicRules.cs Line: 13)

CLINIC PASS / Treatment to medicine store path segment clears furnishings and walls
UnityEngine.Debug:ExtractStackTraceNoAlloc (byte*,int,string)
UnityEngine.StackTraceUtility:ExtractStackTrace ()
UnityEngine.DebugLogHandler:Internal_Log (UnityEngine.LogType,UnityEngine.LogOption,string,UnityEngine.Object)
UnityEngine.DebugLogHandler:LogFormat (UnityEngine.LogType,UnityEngine.Object,string,object[])
UnityEngine.Logger:Log (UnityEngine.LogType,object)
UnityEngine.Debug:Log (object)
ClinicRules/<>c__DisplayClass0_0:<Verify>b__0 (bool,string) (at Assets/Editor/ClinicRules.cs:13)
ClinicRules:Route (Funstra.CityNavigation,UnityEngine.Vector3,UnityEngine.Vector3,string,System.Action`2<bool, string>) (at Assets/Editor/ClinicRules.cs:65)
ClinicRules:Verify () (at Assets/Editor/ClinicRules.cs:21)
FunstraBuild:BuildPlayer (string,string) (at Assets/Editor/FunstraBuild.cs:26)
FunstraBuild:BuildPressure () (at Assets/Editor/FunstraBuild.cs:16)
FunstraBuild:Build () (at Assets/Editor/FunstraBuild.cs:13)

(Filename: Assets/Editor/ClinicRules.cs Line: 13)

CLINIC PASS / Treatment to medicine store path segment clears furnishings and walls
UnityEngine.Debug:ExtractStackTraceNoAlloc (byte*,int,string)
UnityEngine.StackTraceUtility:ExtractStackTrace ()
UnityEngine.DebugLogHandler:Internal_Log (UnityEngine.LogType,UnityEngine.LogOption,string,UnityEngine.Object)
UnityEngine.DebugLogHandler:LogFormat (UnityEngine.LogType,UnityEngine.Object,string,object[])
UnityEngine.Logger:Log (UnityEngine.LogType,object)
UnityEngine.Debug:Log (object)
ClinicRules/<>c__DisplayClass0_0:<Verify>b__0 (bool,string) (at Assets/Editor/ClinicRules.cs:13)
ClinicRules:Route (Funstra.CityNavigation,UnityEngine.Vector3,UnityEngine.Vector3,string,System.Action`2<bool, string>) (at Assets/Editor/ClinicRules.cs:65)
ClinicRules:Verify () (at Assets/Editor/ClinicRules.cs:21)
FunstraBuild:BuildPlayer (string,string) (at Assets/Editor/FunstraBuild.cs:26)
FunstraBuild:BuildPressure () (at Assets/Editor/FunstraBuild.cs:16)
FunstraBuild:Build () (at Assets/Editor/FunstraBuild.cs:13)

(Filename: Assets/Editor/ClinicRules.cs Line: 13)

CLINIC PASS / Treatment to medicine store path segment clears furnishings and walls
UnityEngine.Debug:ExtractStackTraceNoAlloc (byte*,int,string)
UnityEngine.StackTraceUtility:ExtractStackTrace ()
UnityEngine.DebugLogHandler:Internal_Log (UnityEngine.LogType,UnityEngine.LogOption,string,UnityEngine.Object)
UnityEngine.DebugLogHandler:LogFormat (UnityEngine.LogType,UnityEngine.Object,string,object[])
UnityEngine.Logger:Log (UnityEngine.LogType,object)
UnityEngine.Debug:Log (object)
ClinicRules/<>c__DisplayClass0_0:<Verify>b__0 (bool,string) (at Assets/Editor/ClinicRules.cs:13)
ClinicRules:Route (Funstra.CityNavigation,UnityEngine.Vector3,UnityEngine.Vector3,string,System.Action`2<bool, string>) (at Assets/Editor/ClinicRules.cs:65)
ClinicRules:Verify () (at Assets/Editor/ClinicRules.cs:21)
FunstraBuild:BuildPlayer (string,string) (at Assets/Editor/FunstraBuild.cs:26)
FunstraBuild:BuildPressure () (at Assets/Editor/FunstraBuild.cs:16)
FunstraBuild:Build () (at Assets/Editor/FunstraBuild.cs:13)

(Filename: Assets/Editor/ClinicRules.cs Line: 13)

CLINIC PASS / Treatment to medicine store reaches intended destination
UnityEngine.Debug:ExtractStackTraceNoAlloc (byte*,int,string)
UnityEngine.StackTraceUtility:ExtractStackTrace ()
UnityEngine.DebugLogHandler:Internal_Log (UnityEngine.LogType,UnityEngine.LogOption,string,UnityEngine.Object)
UnityEngine.DebugLogHandler:LogFormat (UnityEngine.LogType,UnityEngine.Object,string,object[])
UnityEngine.Logger:Log (UnityEngine.LogType,object)
UnityEngine.Debug:Log (object)
ClinicRules/<>c__DisplayClass0_0:<Verify>b__0 (bool,string) (at Assets/Editor/ClinicRules.cs:13)
ClinicRules:Route (Funstra.CityNavigation,UnityEngine.Vector3,UnityEngine.Vector3,string,System.Action`2<bool, string>) (at Assets/Editor/ClinicRules.cs:66)
ClinicRules:Verify () (at Assets/Editor/ClinicRules.cs:21)
FunstraBuild:BuildPlayer (string,string) (at Assets/Editor/FunstraBuild.cs:26)
FunstraBuild:BuildPressure () (at Assets/Editor/FunstraBuild.cs:16)
FunstraBuild:Build () (at Assets/Editor/FunstraBuild.cs:13)

(Filename: Assets/Editor/ClinicRules.cs Line: 13)

CLINIC PASS / Connected building exits endpoints clear
UnityEngine.Debug:ExtractStackTraceNoAlloc (byte*,int,string)
UnityEngine.StackTraceUtility:ExtractStackTrace ()
UnityEngine.DebugLogHandler:Internal_Log (UnityEngine.LogType,UnityEngine.LogOption,string,UnityEngine.Object)
UnityEngine.DebugLogHandler:LogFormat (UnityEngine.LogType,UnityEngine.Object,string,object[])
UnityEngine.Logger:Log (UnityEngine.LogType,object)
UnityEngine.Debug:Log (object)
ClinicRules/<>c__DisplayClass0_0:<Verify>b__0 (bool,string) (at Assets/Editor/ClinicRules.cs:13)
ClinicRules:Route (Funstra.CityNavigation,UnityEngine.Vector3,UnityEngine.Vector3,string,System.Action`2<bool, string>) (at Assets/Editor/ClinicRules.cs:62)
ClinicRules:Verify () (at Assets/Editor/ClinicRules.cs:22)
FunstraBuild:BuildPlayer (string,string) (at Assets/Editor/FunstraBuild.cs:26)
FunstraBuild:BuildPressure () (at Assets/Editor/FunstraBuild.cs:16)
FunstraBuild:Build () (at Assets/Editor/FunstraBuild.cs:13)

(Filename: Assets/Editor/ClinicRules.cs Line: 13)

CLINIC PASS / Connected building exits path exists
UnityEngine.Debug:ExtractStackTraceNoAlloc (byte*,int,string)
UnityEngine.StackTraceUtility:ExtractStackTrace ()
UnityEngine.DebugLogHandler:Internal_Log (UnityEngine.LogType,UnityEngine.LogOption,string,UnityEngine.Object)
UnityEngine.DebugLogHandler:LogFormat (UnityEngine.LogType,UnityEngine.Object,string,object[])
UnityEngine.Logger:Log (UnityEngine.LogType,object)
UnityEngine.Debug:Log (object)
ClinicRules/<>c__DisplayClass0_0:<Verify>b__0 (bool,string) (at Assets/Editor/ClinicRules.cs:13)
ClinicRules:Route (Funstra.CityNavigation,UnityEngine.Vector3,UnityEngine.Vector3,string,System.Action`2<bool, string>) (at Assets/Editor/ClinicRules.cs:63)
ClinicRules:Verify () (at Assets/Editor/ClinicRules.cs:22)
FunstraBuild:BuildPlayer (string,string) (at Assets/Editor/FunstraBuild.cs:26)
FunstraBuild:BuildPressure () (at Assets/Editor/FunstraBuild.cs:16)
FunstraBuild:Build () (at Assets/Editor/FunstraBuild.cs:13)

(Filename: Assets/Editor/ClinicRules.cs Line: 13)

CLINIC PASS / Connected building exits path segment clears furnishings and walls
UnityEngine.Debug:ExtractStackTraceNoAlloc (byte*,int,string)
UnityEngine.StackTraceUtility:ExtractStackTrace ()
UnityEngine.DebugLogHandler:Internal_Log (UnityEngine.LogType,UnityEngine.LogOption,string,UnityEngine.Object)
UnityEngine.DebugLogHandler:LogFormat (UnityEngine.LogType,UnityEngine.Object,string,object[])
UnityEngine.Logger:Log (UnityEngine.LogType,object)
UnityEngine.Debug:Log (object)
ClinicRules/<>c__DisplayClass0_0:<Verify>b__0 (bool,string) (at Assets/Editor/ClinicRules.cs:13)
ClinicRules:Route (Funstra.CityNavigation,UnityEngine.Vector3,UnityEngine.Vector3,string,System.Action`2<bool, string>) (at Assets/Editor/ClinicRules.cs:65)
ClinicRules:Verify () (at Assets/Editor/ClinicRules.cs:22)
FunstraBuild:BuildPlayer (string,string) (at Assets/Editor/FunstraBuild.cs:26)
FunstraBuild:BuildPressure () (at Assets/Editor/FunstraBuild.cs:16)
FunstraBuild:Build () (at Assets/Editor/FunstraBuild.cs:13)

(Filename: Assets/Editor/ClinicRules.cs Line: 13)

CLINIC PASS / Connected building exits path segment clears furnishings and walls
UnityEngine.Debug:ExtractStackTraceNoAlloc (byte*,int,string)
UnityEngine.StackTraceUtility:ExtractStackTrace ()
UnityEngine.DebugLogHandler:Internal_Log (UnityEngine.LogType,UnityEngine.LogOption,string,UnityEngine.Object)
UnityEngine.DebugLogHandler:LogFormat (UnityEngine.LogType,UnityEngine.Object,string,object[])
UnityEngine.Logger:Log (UnityEngine.LogType,object)
UnityEngine.Debug:Log (object)
ClinicRules/<>c__DisplayClass0_0:<Verify>b__0 (bool,string) (at Assets/Editor/ClinicRules.cs:13)
ClinicRules:Route (Funstra.CityNavigation,UnityEngine.Vector3,UnityEngine.Vector3,string,System.Action`2<bool, string>) (at Assets/Editor/ClinicRules.cs:65)
ClinicRules:Verify () (at Assets/Editor/ClinicRules.cs:22)
FunstraBuild:BuildPlayer (string,string) (at Assets/Editor/FunstraBuild.cs:26)
FunstraBuild:BuildPressure () (at Assets/Editor/FunstraBuild.cs:16)
FunstraBuild:Build () (at Assets/Editor/FunstraBuild.cs:13)

(Filename: Assets/Editor/ClinicRules.cs Line: 13)

CLINIC PASS / Connected building exits path segment clears furnishings and walls
UnityEngine.Debug:ExtractStackTraceNoAlloc (byte*,int,string)
UnityEngine.StackTraceUtility:ExtractStackTrace ()
UnityEngine.DebugLogHandler:Internal_Log (UnityEngine.LogType,UnityEngine.LogOption,string,UnityEngine.Object)
UnityEngine.DebugLogHandler:LogFormat (UnityEngine.LogType,UnityEngine.Object,string,object[])
UnityEngine.Logger:Log (UnityEngine.LogType,object)
UnityEngine.Debug:Log (object)
ClinicRules/<>c__DisplayClass0_0:<Verify>b__0 (bool,string) (at Assets/Editor/ClinicRules.cs:13)
ClinicRules:Route (Funstra.CityNavigation,UnityEngine.Vector3,UnityEngine.Vector3,string,System.Action`2<bool, string>) (at Assets/Editor/ClinicRules.cs:65)
ClinicRules:Verify () (at Assets/Editor/ClinicRules.cs:22)
FunstraBuild:BuildPlayer (string,string) (at Assets/Editor/FunstraBuild.cs:26)
FunstraBuild:BuildPressure () (at Assets/Editor/FunstraBuild.cs:16)
FunstraBuild:Build () (at Assets/Editor/FunstraBuild.cs:13)

(Filename: Assets/Editor/ClinicRules.cs Line: 13)

CLINIC PASS / Connected building exits path segment clears furnishings and walls
UnityEngine.Debug:ExtractStackTraceNoAlloc (byte*,int,string)
UnityEngine.StackTraceUtility:ExtractStackTrace ()
UnityEngine.DebugLogHandler:Internal_Log (UnityEngine.LogType,UnityEngine.LogOption,string,UnityEngine.Object)
UnityEngine.DebugLogHandler:LogFormat (UnityEngine.LogType,UnityEngine.Object,string,object[])
UnityEngine.Logger:Log (UnityEngine.LogType,object)
UnityEngine.Debug:Log (object)
ClinicRules/<>c__DisplayClass0_0:<Verify>b__0 (bool,string) (at Assets/Editor/ClinicRules.cs:13)
ClinicRules:Route (Funstra.CityNavigation,UnityEngine.Vector3,UnityEngine.Vector3,string,System.Action`2<bool, string>) (at Assets/Editor/ClinicRules.cs:65)
ClinicRules:Verify () (at Assets/Editor/ClinicRules.cs:22)
FunstraBuild:BuildPlayer (string,string) (at Assets/Editor/FunstraBuild.cs:26)
FunstraBuild:BuildPressure () (at Assets/Editor/FunstraBuild.cs:16)
FunstraBuild:Build () (at Assets/Editor/FunstraBuild.cs:13)

(Filename: Assets/Editor/ClinicRules.cs Line: 13)

CLINIC PASS / Connected building exits path segment clears furnishings and walls
UnityEngine.Debug:ExtractStackTraceNoAlloc (byte*,int,string)
UnityEngine.StackTraceUtility:ExtractStackTrace ()
UnityEngine.DebugLogHandler:Internal_Log (UnityEngine.LogType,UnityEngine.LogOption,string,UnityEngine.Object)
UnityEngine.DebugLogHandler:LogFormat (UnityEngine.LogType,UnityEngine.Object,string,object[])
UnityEngine.Logger:Log (UnityEngine.LogType,object)
UnityEngine.Debug:Log (object)
ClinicRules/<>c__DisplayClass0_0:<Verify>b__0 (bool,string) (at Assets/Editor/ClinicRules.cs:13)
ClinicRules:Route (Funstra.CityNavigation,UnityEngine.Vector3,UnityEngine.Vector3,string,System.Action`2<bool, string>) (at Assets/Editor/ClinicRules.cs:65)
ClinicRules:Verify () (at Assets/Editor/ClinicRules.cs:22)
FunstraBuild:BuildPlayer (string,string) (at Assets/Editor/FunstraBuild.cs:26)
FunstraBuild:BuildPressure () (at Assets/Editor/FunstraBuild.cs:16)
FunstraBuild:Build () (at Assets/Editor/FunstraBuild.cs:13)

(Filename: Assets/Editor/ClinicRules.cs Line: 13)

CLINIC PASS / Connected building exits path segment clears furnishings and walls
UnityEngine.Debug:ExtractStackTraceNoAlloc (byte*,int,string)
UnityEngine.StackTraceUtility:ExtractStackTrace ()
UnityEngine.DebugLogHandler:Internal_Log (UnityEngine.LogType,UnityEngine.LogOption,string,UnityEngine.Object)
UnityEngine.DebugLogHandler:LogFormat (UnityEngine.LogType,UnityEngine.Object,string,object[])
UnityEngine.Logger:Log (UnityEngine.LogType,object)
UnityEngine.Debug:Log (object)
ClinicRules/<>c__DisplayClass0_0:<Verify>b__0 (bool,string) (at Assets/Editor/ClinicRules.cs:13)
ClinicRules:Route (Funstra.CityNavigation,UnityEngine.Vector3,UnityEngine.Vector3,string,System.Action`2<bool, string>) (at Assets/Editor/ClinicRules.cs:65)
ClinicRules:Verify () (at Assets/Editor/ClinicRules.cs:22)
FunstraBuild:BuildPlayer (string,string) (at Assets/Editor/FunstraBuild.cs:26)
FunstraBuild:BuildPressure () (at Assets/Editor/FunstraBuild.cs:16)
FunstraBuild:Build () (at Assets/Editor/FunstraBuild.cs:13)

(Filename: Assets/Editor/ClinicRules.cs Line: 13)

CLINIC PASS / Connected building exits path segment clears furnishings and walls
UnityEngine.Debug:ExtractStackTraceNoAlloc (byte*,int,string)
UnityEngine.StackTraceUtility:ExtractStackTrace ()
UnityEngine.DebugLogHandler:Internal_Log (UnityEngine.LogType,UnityEngine.LogOption,string,UnityEngine.Object)
UnityEngine.DebugLogHandler:LogFormat (UnityEngine.LogType,UnityEngine.Object,string,object[])
UnityEngine.Logger:Log (UnityEngine.LogType,object)
UnityEngine.Debug:Log (object)
ClinicRules/<>c__DisplayClass0_0:<Verify>b__0 (bool,string) (at Assets/Editor/ClinicRules.cs:13)
ClinicRules:Route (Funstra.CityNavigation,UnityEngine.Vector3,UnityEngine.Vector3,string,System.Action`2<bool, string>) (at Assets/Editor/ClinicRules.cs:65)
ClinicRules:Verify () (at Assets/Editor/ClinicRules.cs:22)
FunstraBuild:BuildPlayer (string,string) (at Assets/Editor/FunstraBuild.cs:26)
FunstraBuild:BuildPressure () (at Assets/Editor/FunstraBuild.cs:16)
FunstraBuild:Build () (at Assets/Editor/FunstraBuild.cs:13)

(Filename: Assets/Editor/ClinicRules.cs Line: 13)

CLINIC PASS / Connected building exits path segment clears furnishings and walls
UnityEngine.Debug:ExtractStackTraceNoAlloc (byte*,int,string)
UnityEngine.StackTraceUtility:ExtractStackTrace ()
UnityEngine.DebugLogHandler:Internal_Log (UnityEngine.LogType,UnityEngine.LogOption,string,UnityEngine.Object)
UnityEngine.DebugLogHandler:LogFormat (UnityEngine.LogType,UnityEngine.Object,string,object[])
UnityEngine.Logger:Log (UnityEngine.LogType,object)
UnityEngine.Debug:Log (object)
ClinicRules/<>c__DisplayClass0_0:<Verify>b__0 (bool,string) (at Assets/Editor/ClinicRules.cs:13)
ClinicRules:Route (Funstra.CityNavigation,UnityEngine.Vector3,UnityEngine.Vector3,string,System.Action`2<bool, string>) (at Assets/Editor/ClinicRules.cs:65)
ClinicRules:Verify () (at Assets/Editor/ClinicRules.cs:22)
FunstraBuild:BuildPlayer (string,string) (at Assets/Editor/FunstraBuild.cs:26)
FunstraBuild:BuildPressure () (at Assets/Editor/FunstraBuild.cs:16)
FunstraBuild:Build () (at Assets/Editor/FunstraBuild.cs:13)

(Filename: Assets/Editor/ClinicRules.cs Line: 13)

CLINIC PASS / Connected building exits path segment clears furnishings and walls
UnityEngine.Debug:ExtractStackTraceNoAlloc (byte*,int,string)
UnityEngine.StackTraceUtility:ExtractStackTrace ()
UnityEngine.DebugLogHandler:Internal_Log (UnityEngine.LogType,UnityEngine.LogOption,string,UnityEngine.Object)
UnityEngine.DebugLogHandler:LogFormat (UnityEngine.LogType,UnityEngine.Object,string,object[])
UnityEngine.Logger:Log (UnityEngine.LogType,object)
UnityEngine.Debug:Log (object)
ClinicRules/<>c__DisplayClass0_0:<Verify>b__0 (bool,string) (at Assets/Editor/ClinicRules.cs:13)
ClinicRules:Route (Funstra.CityNavigation,UnityEngine.Vector3,UnityEngine.Vector3,string,System.Action`2<bool, string>) (at Assets/Editor/ClinicRules.cs:65)
ClinicRules:Verify () (at Assets/Editor/ClinicRules.cs:22)
FunstraBuild:BuildPlayer (string,string) (at Assets/Editor/FunstraBuild.cs:26)
FunstraBuild:BuildPressure () (at Assets/Editor/FunstraBuild.cs:16)
FunstraBuild:Build () (at Assets/Editor/FunstraBuild.cs:13)

(Filename: Assets/Editor/ClinicRules.cs Line: 13)

CLINIC PASS / Connected building exits path segment clears furnishings and walls
UnityEngine.Debug:ExtractStackTraceNoAlloc (byte*,int,string)
UnityEngine.StackTraceUtility:ExtractStackTrace ()
UnityEngine.DebugLogHandler:Internal_Log (UnityEngine.LogType,UnityEngine.LogOption,string,UnityEngine.Object)
UnityEngine.DebugLogHandler:LogFormat (UnityEngine.LogType,UnityEngine.Object,string,object[])
UnityEngine.Logger:Log (UnityEngine.LogType,object)
UnityEngine.Debug:Log (object)
ClinicRules/<>c__DisplayClass0_0:<Verify>b__0 (bool,string) (at Assets/Editor/ClinicRules.cs:13)
ClinicRules:Route (Funstra.CityNavigation,UnityEngine.Vector3,UnityEngine.Vector3,string,System.Action`2<bool, string>) (at Assets/Editor/ClinicRules.cs:65)
ClinicRules:Verify () (at Assets/Editor/ClinicRules.cs:22)
FunstraBuild:BuildPlayer (string,string) (at Assets/Editor/FunstraBuild.cs:26)
FunstraBuild:BuildPressure () (at Assets/Editor/FunstraBuild.cs:16)
FunstraBuild:Build () (at Assets/Editor/FunstraBuild.cs:13)

(Filename: Assets/Editor/ClinicRules.cs Line: 13)

CLINIC PASS / Connected building exits reaches intended destination
UnityEngine.Debug:ExtractStackTraceNoAlloc (byte*,int,string)
UnityEngine.StackTraceUtility:ExtractStackTrace ()
UnityEngine.DebugLogHandler:Internal_Log (UnityEngine.LogType,UnityEngine.LogOption,string,UnityEngine.Object)
UnityEngine.DebugLogHandler:LogFormat (UnityEngine.LogType,UnityEngine.Object,string,object[])
UnityEngine.Logger:Log (UnityEngine.LogType,object)
UnityEngine.Debug:Log (object)
ClinicRules/<>c__DisplayClass0_0:<Verify>b__0 (bool,string) (at Assets/Editor/ClinicRules.cs:13)
ClinicRules:Route (Funstra.CityNavigation,UnityEngine.Vector3,UnityEngine.Vector3,string,System.Action`2<bool, string>) (at Assets/Editor/ClinicRules.cs:66)
ClinicRules:Verify () (at Assets/Editor/ClinicRules.cs:22)
FunstraBuild:BuildPlayer (string,string) (at Assets/Editor/FunstraBuild.cs:26)
FunstraBuild:BuildPressure () (at Assets/Editor/FunstraBuild.cs:16)
FunstraBuild:Build () (at Assets/Editor/FunstraBuild.cs:13)

(Filename: Assets/Editor/ClinicRules.cs Line: 13)

CLINIC PASS / Tall clinic wall blocks both feet and sight
UnityEngine.Debug:ExtractStackTraceNoAlloc (byte*,int,string)
UnityEngine.StackTraceUtility:ExtractStackTrace ()
UnityEngine.DebugLogHandler:Internal_Log (UnityEngine.LogType,UnityEngine.LogOption,string,UnityEngine.Object)
UnityEngine.DebugLogHandler:LogFormat (UnityEngine.LogType,UnityEngine.Object,string,object[])
UnityEngine.Logger:Log (UnityEngine.LogType,object)
UnityEngine.Debug:Log (object)
ClinicRules/<>c__DisplayClass0_0:<Verify>b__0 (bool,string) (at Assets/Editor/ClinicRules.cs:13)
ClinicRules:Verify () (at Assets/Editor/ClinicRules.cs:24)
FunstraBuild:BuildPlayer (string,string) (at Assets/Editor/FunstraBuild.cs:26)
FunstraBuild:BuildPressure () (at Assets/Editor/FunstraBuild.cs:16)
FunstraBuild:Build () (at Assets/Editor/FunstraBuild.cs:13)

(Filename: Assets/Editor/ClinicRules.cs Line: 13)

CLINIC PASS / Tall wall also blocks physics rays
UnityEngine.Debug:ExtractStackTraceNoAlloc (byte*,int,string)
UnityEngine.StackTraceUtility:ExtractStackTrace ()
UnityEngine.DebugLogHandler:Internal_Log (UnityEngine.LogType,UnityEngine.LogOption,string,UnityEngine.Object)
UnityEngine.DebugLogHandler:LogFormat (UnityEngine.LogType,UnityEngine.Object,string,object[])
UnityEngine.Logger:Log (UnityEngine.LogType,object)
UnityEngine.Debug:Log (object)
ClinicRules/<>c__DisplayClass0_0:<Verify>b__0 (bool,string) (at Assets/Editor/ClinicRules.cs:13)
ClinicRules:Verify () (at Assets/Editor/ClinicRules.cs:25)
FunstraBuild:BuildPlayer (string,string) (at Assets/Editor/FunstraBuild.cs:26)
FunstraBuild:BuildPressure () (at Assets/Editor/FunstraBuild.cs:16)
FunstraBuild:Build () (at Assets/Editor/FunstraBuild.cs:13)

(Filename: Assets/Editor/ClinicRules.cs Line: 13)

CLINIC PASS / Clinic is a coherent building hierarchy
UnityEngine.Debug:ExtractStackTraceNoAlloc (byte*,int,string)
UnityEngine.StackTraceUtility:ExtractStackTrace ()
UnityEngine.DebugLogHandler:Internal_Log (UnityEngine.LogType,UnityEngine.LogOption,string,UnityEngine.Object)
UnityEngine.DebugLogHandler:LogFormat (UnityEngine.LogType,UnityEngine.Object,string,object[])
UnityEngine.Logger:Log (UnityEngine.LogType,object)
UnityEngine.Debug:Log (object)
ClinicRules/<>c__DisplayClass0_0:<Verify>b__0 (bool,string) (at Assets/Editor/ClinicRules.cs:13)
ClinicRules:Verify () (at Assets/Editor/ClinicRules.cs:27)
FunstraBuild:BuildPlayer (string,string) (at Assets/Editor/FunstraBuild.cs:26)
FunstraBuild:BuildPressure () (at Assets/Editor/FunstraBuild.cs:16)
FunstraBuild:Build () (at Assets/Editor/FunstraBuild.cs:13)

(Filename: Assets/Editor/ClinicRules.cs Line: 13)

CLINIC PASS / Inside camera reveals roof and foreground walls
UnityEngine.Debug:ExtractStackTraceNoAlloc (byte*,int,string)
UnityEngine.StackTraceUtility:ExtractStackTrace ()
UnityEngine.DebugLogHandler:Internal_Log (UnityEngine.LogType,UnityEngine.LogOption,string,UnityEngine.Object)
UnityEngine.DebugLogHandler:LogFormat (UnityEngine.LogType,UnityEngine.Object,string,object[])
UnityEngine.Logger:Log (UnityEngine.LogType,object)
UnityEngine.Debug:Log (object)
ClinicRules/<>c__DisplayClass0_0:<Verify>b__0 (bool,string) (at Assets/Editor/ClinicRules.cs:13)
ClinicRules:Verify () (at Assets/Editor/ClinicRules.cs:35)
FunstraBuild:BuildPlayer (string,string) (at Assets/Editor/FunstraBuild.cs:26)
FunstraBuild:BuildPressure () (at Assets/Editor/FunstraBuild.cs:16)
FunstraBuild:Build () (at Assets/Editor/FunstraBuild.cs:13)

(Filename: Assets/Editor/ClinicRules.cs Line: 13)

CLINIC PASS / Inside cutaway retains background wall context
UnityEngine.Debug:ExtractStackTraceNoAlloc (byte*,int,string)
UnityEngine.StackTraceUtility:ExtractStackTrace ()
UnityEngine.DebugLogHandler:Internal_Log (UnityEngine.LogType,UnityEngine.LogOption,string,UnityEngine.Object)
UnityEngine.DebugLogHandler:LogFormat (UnityEngine.LogType,UnityEngine.Object,string,object[])
UnityEngine.Logger:Log (UnityEngine.LogType,object)
UnityEngine.Debug:Log (object)
ClinicRules/<>c__DisplayClass0_0:<Verify>b__0 (bool,string) (at Assets/Editor/ClinicRules.cs:13)
ClinicRules:Verify () (at Assets/Editor/ClinicRules.cs:36)
FunstraBuild:BuildPlayer (string,string) (at Assets/Editor/FunstraBuild.cs:26)
FunstraBuild:BuildPressure () (at Assets/Editor/FunstraBuild.cs:16)
FunstraBuild:Build () (at Assets/Editor/FunstraBuild.cs:13)

(Filename: Assets/Editor/ClinicRules.cs Line: 13)

CLINIC PASS / Cutaway preserves doorway frame context
UnityEngine.Debug:ExtractStackTraceNoAlloc (byte*,int,string)
UnityEngine.StackTraceUtility:ExtractStackTrace ()
UnityEngine.DebugLogHandler:Internal_Log (UnityEngine.LogType,UnityEngine.LogOption,string,UnityEngine.Object)
UnityEngine.DebugLogHandler:LogFormat (UnityEngine.LogType,UnityEngine.Object,string,object[])
UnityEngine.Logger:Log (UnityEngine.LogType,object)
UnityEngine.Debug:Log (object)
ClinicRules/<>c__DisplayClass0_0:<Verify>b__0 (bool,string) (at Assets/Editor/ClinicRules.cs:13)
ClinicRules:Verify () (at Assets/Editor/ClinicRules.cs:37)
FunstraBuild:BuildPlayer (string,string) (at Assets/Editor/FunstraBuild.cs:26)
FunstraBuild:BuildPressure () (at Assets/Editor/FunstraBuild.cs:16)
FunstraBuild:Build () (at Assets/Editor/FunstraBuild.cs:13)

(Filename: Assets/Editor/ClinicRules.cs Line: 13)

CLINIC PASS / Outside player behind clinic is revealed through actual camera obstruction
UnityEngine.Debug:ExtractStackTraceNoAlloc (byte*,int,string)
UnityEngine.StackTraceUtility:ExtractStackTrace ()
UnityEngine.DebugLogHandler:Internal_Log (UnityEngine.LogType,UnityEngine.LogOption,string,UnityEngine.Object)
UnityEngine.DebugLogHandler:LogFormat (UnityEngine.LogType,UnityEngine.Object,string,object[])
UnityEngine.Logger:Log (UnityEngine.LogType,object)
UnityEngine.Debug:Log (object)
ClinicRules/<>c__DisplayClass0_0:<Verify>b__0 (bool,string) (at Assets/Editor/ClinicRules.cs:13)
ClinicRules:Verify () (at Assets/Editor/ClinicRules.cs:39)
FunstraBuild:BuildPlayer (string,string) (at Assets/Editor/FunstraBuild.cs:26)
FunstraBuild:BuildPressure () (at Assets/Editor/FunstraBuild.cs:16)
FunstraBuild:Build () (at Assets/Editor/FunstraBuild.cs:13)

(Filename: Assets/Editor/ClinicRules.cs Line: 13)

CLINIC PASS / Unobstructed exterior restores the building
UnityEngine.Debug:ExtractStackTraceNoAlloc (byte*,int,string)
UnityEngine.StackTraceUtility:ExtractStackTrace ()
UnityEngine.DebugLogHandler:Internal_Log (UnityEngine.LogType,UnityEngine.LogOption,string,UnityEngine.Object)
UnityEngine.DebugLogHandler:LogFormat (UnityEngine.LogType,UnityEngine.Object,string,object[])
UnityEngine.Logger:Log (UnityEngine.LogType,object)
UnityEngine.Debug:Log (object)
ClinicRules/<>c__DisplayClass0_0:<Verify>b__0 (bool,string) (at Assets/Editor/ClinicRules.cs:13)
ClinicRules:Verify () (at Assets/Editor/ClinicRules.cs:41)
FunstraBuild:BuildPlayer (string,string) (at Assets/Editor/FunstraBuild.cs:26)
FunstraBuild:BuildPressure () (at Assets/Editor/FunstraBuild.cs:16)
FunstraBuild:Build () (at Assets/Editor/FunstraBuild.cs:13)

(Filename: Assets/Editor/ClinicRules.cs Line: 13)

CLINIC PASS / Cutaways leave navigation obstacles unchanged
UnityEngine.Debug:ExtractStackTraceNoAlloc (byte*,int,string)
UnityEngine.StackTraceUtility:ExtractStackTrace ()
UnityEngine.DebugLogHandler:Internal_Log (UnityEngine.LogType,UnityEngine.LogOption,string,UnityEngine.Object)
UnityEngine.DebugLogHandler:LogFormat (UnityEngine.LogType,UnityEngine.Object,string,object[])
UnityEngine.Logger:Log (UnityEngine.LogType,object)
UnityEngine.Debug:Log (object)
ClinicRules/<>c__DisplayClass0_0:<Verify>b__0 (bool,string) (at Assets/Editor/ClinicRules.cs:13)
ClinicRules:Verify () (at Assets/Editor/ClinicRules.cs:42)
FunstraBuild:BuildPlayer (string,string) (at Assets/Editor/FunstraBuild.cs:26)
FunstraBuild:BuildPressure () (at Assets/Editor/FunstraBuild.cs:16)
FunstraBuild:Build () (at Assets/Editor/FunstraBuild.cs:13)

(Filename: Assets/Editor/ClinicRules.cs Line: 13)

CLINIC PASS / Cutaways leave physical colliders enabled: West store wall
UnityEngine.Debug:ExtractStackTraceNoAlloc (byte*,int,string)
UnityEngine.StackTraceUtility:ExtractStackTrace ()
UnityEngine.DebugLogHandler:Internal_Log (UnityEngine.LogType,UnityEngine.LogOption,string,UnityEngine.Object)
UnityEngine.DebugLogHandler:LogFormat (UnityEngine.LogType,UnityEngine.Object,string,object[])
UnityEngine.Logger:Log (UnityEngine.LogType,object)
UnityEngine.Debug:Log (object)
ClinicRules/<>c__DisplayClass0_0:<Verify>b__0 (bool,string) (at Assets/Editor/ClinicRules.cs:13)
ClinicRules:Verify () (at Assets/Editor/ClinicRules.cs:43)
FunstraBuild:BuildPlayer (string,string) (at Assets/Editor/FunstraBuild.cs:26)
FunstraBuild:BuildPressure () (at Assets/Editor/FunstraBuild.cs:16)
FunstraBuild:Build () (at Assets/Editor/FunstraBuild.cs:13)

(Filename: Assets/Editor/ClinicRules.cs Line: 13)

CLINIC PASS / Cutaways leave physical colliders enabled: North treatment wall
UnityEngine.Debug:ExtractStackTraceNoAlloc (byte*,int,string)
UnityEngine.StackTraceUtility:ExtractStackTrace ()
UnityEngine.DebugLogHandler:Internal_Log (UnityEngine.LogType,UnityEngine.LogOption,string,UnityEngine.Object)
UnityEngine.DebugLogHandler:LogFormat (UnityEngine.LogType,UnityEngine.Object,string,object[])
UnityEngine.Logger:Log (UnityEngine.LogType,object)
UnityEngine.Debug:Log (object)
ClinicRules/<>c__DisplayClass0_0:<Verify>b__0 (bool,string) (at Assets/Editor/ClinicRules.cs:13)
ClinicRules:Verify () (at Assets/Editor/ClinicRules.cs:43)
FunstraBuild:BuildPlayer (string,string) (at Assets/Editor/FunstraBuild.cs:26)
FunstraBuild:BuildPressure () (at Assets/Editor/FunstraBuild.cs:16)
FunstraBuild:Build () (at Assets/Editor/FunstraBuild.cs:13)

(Filename: Assets/Editor/ClinicRules.cs Line: 13)

CLINIC PASS / Cutaways leave physical colliders enabled: South reception wall
UnityEngine.Debug:ExtractStackTraceNoAlloc (byte*,int,string)
UnityEngine.StackTraceUtility:ExtractStackTrace ()
UnityEngine.DebugLogHandler:Internal_Log (UnityEngine.LogType,UnityEngine.LogOption,string,UnityEngine.Object)
UnityEngine.DebugLogHandler:LogFormat (UnityEngine.LogType,UnityEngine.Object,string,object[])
UnityEngine.Logger:Log (UnityEngine.LogType,object)
UnityEngine.Debug:Log (object)
ClinicRules/<>c__DisplayClass0_0:<Verify>b__0 (bool,string) (at Assets/Editor/ClinicRules.cs:13)
ClinicRules:Verify () (at Assets/Editor/ClinicRules.cs:43)
FunstraBuild:BuildPlayer (string,string) (at Assets/Editor/FunstraBuild.cs:26)
FunstraBuild:BuildPressure () (at Assets/Editor/FunstraBuild.cs:16)
FunstraBuild:Build () (at Assets/Editor/FunstraBuild.cs:13)

(Filename: Assets/Editor/ClinicRules.cs Line: 13)

CLINIC PASS / Cutaways leave physical colliders enabled: South treatment wall
UnityEngine.Debug:ExtractStackTraceNoAlloc (byte*,int,string)
UnityEngine.StackTraceUtility:ExtractStackTrace ()
UnityEngine.DebugLogHandler:Internal_Log (UnityEngine.LogType,UnityEngine.LogOption,string,UnityEngine.Object)
UnityEngine.DebugLogHandler:LogFormat (UnityEngine.LogType,UnityEngine.Object,string,object[])
UnityEngine.Logger:Log (UnityEngine.LogType,object)
UnityEngine.Debug:Log (object)
ClinicRules/<>c__DisplayClass0_0:<Verify>b__0 (bool,string) (at Assets/Editor/ClinicRules.cs:13)
ClinicRules:Verify () (at Assets/Editor/ClinicRules.cs:43)
FunstraBuild:BuildPlayer (string,string) (at Assets/Editor/FunstraBuild.cs:26)
FunstraBuild:BuildPressure () (at Assets/Editor/FunstraBuild.cs:16)
FunstraBuild:Build () (at Assets/Editor/FunstraBuild.cs:13)

(Filename: Assets/Editor/ClinicRules.cs Line: 13)

CLINIC PASS / Cutaways leave physical colliders enabled: East north wall
UnityEngine.Debug:ExtractStackTraceNoAlloc (byte*,int,string)
UnityEngine.StackTraceUtility:ExtractStackTrace ()
UnityEngine.DebugLogHandler:Internal_Log (UnityEngine.LogType,UnityEngine.LogOption,string,UnityEngine.Object)
UnityEngine.DebugLogHandler:LogFormat (UnityEngine.LogType,UnityEngine.Object,string,object[])
UnityEngine.Logger:Log (UnityEngine.LogType,object)
UnityEngine.Debug:Log (object)
ClinicRules/<>c__DisplayClass0_0:<Verify>b__0 (bool,string) (at Assets/Editor/ClinicRules.cs:13)
ClinicRules:Verify () (at Assets/Editor/ClinicRules.cs:43)
FunstraBuild:BuildPlayer (string,string) (at Assets/Editor/FunstraBuild.cs:26)
FunstraBuild:BuildPressure () (at Assets/Editor/FunstraBuild.cs:16)
FunstraBuild:Build () (at Assets/Editor/FunstraBuild.cs:13)

(Filename: Assets/Editor/ClinicRules.cs Line: 13)

CLINIC PASS / Cutaways leave physical colliders enabled: East south wall
UnityEngine.Debug:ExtractStackTraceNoAlloc (byte*,int,string)
UnityEngine.StackTraceUtility:ExtractStackTrace ()
UnityEngine.DebugLogHandler:Internal_Log (UnityEngine.LogType,UnityEngine.LogOption,string,UnityEngine.Object)
UnityEngine.DebugLogHandler:LogFormat (UnityEngine.LogType,UnityEngine.Object,string,object[])
UnityEngine.Logger:Log (UnityEngine.LogType,object)
UnityEngine.Debug:Log (object)
ClinicRules/<>c__DisplayClass0_0:<Verify>b__0 (bool,string) (at Assets/Editor/ClinicRules.cs:13)
ClinicRules:Verify () (at Assets/Editor/ClinicRules.cs:43)
FunstraBuild:BuildPlayer (string,string) (at Assets/Editor/FunstraBuild.cs:26)
FunstraBuild:BuildPressure () (at Assets/Editor/FunstraBuild.cs:16)
FunstraBuild:Build () (at Assets/Editor/FunstraBuild.cs:13)

(Filename: Assets/Editor/ClinicRules.cs Line: 13)

CLINIC PASS / Cutaways leave physical colliders enabled: Store partition north
UnityEngine.Debug:ExtractStackTraceNoAlloc (byte*,int,string)
UnityEngine.StackTraceUtility:ExtractStackTrace ()
UnityEngine.DebugLogHandler:Internal_Log (UnityEngine.LogType,UnityEngine.LogOption,string,UnityEngine.Object)
UnityEngine.DebugLogHandler:LogFormat (UnityEngine.LogType,UnityEngine.Object,string,object[])
UnityEngine.Logger:Log (UnityEngine.LogType,object)
UnityEngine.Debug:Log (object)
ClinicRules/<>c__DisplayClass0_0:<Verify>b__0 (bool,string) (at Assets/Editor/ClinicRules.cs:13)
ClinicRules:Verify () (at Assets/Editor/ClinicRules.cs:43)
FunstraBuild:BuildPlayer (string,string) (at Assets/Editor/FunstraBuild.cs:26)
FunstraBuild:BuildPressure () (at Assets/Editor/FunstraBuild.cs:16)
FunstraBuild:Build () (at Assets/Editor/FunstraBuild.cs:13)

(Filename: Assets/Editor/ClinicRules.cs Line: 13)

CLINIC PASS / Cutaways leave physical colliders enabled: Store partition south
UnityEngine.Debug:ExtractStackTraceNoAlloc (byte*,int,string)
UnityEngine.StackTraceUtility:ExtractStackTrace ()
UnityEngine.DebugLogHandler:Internal_Log (UnityEngine.LogType,UnityEngine.LogOption,string,UnityEngine.Object)
UnityEngine.DebugLogHandler:LogFormat (UnityEngine.LogType,UnityEngine.Object,string,object[])
UnityEngine.Logger:Log (UnityEngine.LogType,object)
UnityEngine.Debug:Log (object)
ClinicRules/<>c__DisplayClass0_0:<Verify>b__0 (bool,string) (at Assets/Editor/ClinicRules.cs:13)
ClinicRules:Verify () (at Assets/Editor/ClinicRules.cs:43)
FunstraBuild:BuildPlayer (string,string) (at Assets/Editor/FunstraBuild.cs:26)
FunstraBuild:BuildPressure () (at Assets/Editor/FunstraBuild.cs:16)
FunstraBuild:Build () (at Assets/Editor/FunstraBuild.cs:13)

(Filename: Assets/Editor/ClinicRules.cs Line: 13)

CLINIC PASS / Cutaways leave physical colliders enabled: Doorway upper masonry
UnityEngine.Debug:ExtractStackTraceNoAlloc (byte*,int,string)
UnityEngine.StackTraceUtility:ExtractStackTrace ()
UnityEngine.DebugLogHandler:Internal_Log (UnityEngine.LogType,UnityEngine.LogOption,string,UnityEngine.Object)
UnityEngine.DebugLogHandler:LogFormat (UnityEngine.LogType,UnityEngine.Object,string,object[])
UnityEngine.Logger:Log (UnityEngine.LogType,object)
UnityEngine.Debug:Log (object)
ClinicRules/<>c__DisplayClass0_0:<Verify>b__0 (bool,string) (at Assets/Editor/ClinicRules.cs:13)
ClinicRules:Verify () (at Assets/Editor/ClinicRules.cs:43)
FunstraBuild:BuildPlayer (string,string) (at Assets/Editor/FunstraBuild.cs:26)
FunstraBuild:BuildPressure () (at Assets/Editor/FunstraBuild.cs:16)
FunstraBuild:Build () (at Assets/Editor/FunstraBuild.cs:13)

(Filename: Assets/Editor/ClinicRules.cs Line: 13)

CLINIC PASS / Cutaways leave physical colliders enabled: Doorway upper masonry
UnityEngine.Debug:ExtractStackTraceNoAlloc (byte*,int,string)
UnityEngine.StackTraceUtility:ExtractStackTrace ()
UnityEngine.DebugLogHandler:Internal_Log (UnityEngine.LogType,UnityEngine.LogOption,string,UnityEngine.Object)
UnityEngine.DebugLogHandler:LogFormat (UnityEngine.LogType,UnityEngine.Object,string,object[])
UnityEngine.Logger:Log (UnityEngine.LogType,object)
UnityEngine.Debug:Log (object)
ClinicRules/<>c__DisplayClass0_0:<Verify>b__0 (bool,string) (at Assets/Editor/ClinicRules.cs:13)
ClinicRules:Verify () (at Assets/Editor/ClinicRules.cs:43)
FunstraBuild:BuildPlayer (string,string) (at Assets/Editor/FunstraBuild.cs:26)
FunstraBuild:BuildPressure () (at Assets/Editor/FunstraBuild.cs:16)
FunstraBuild:Build () (at Assets/Editor/FunstraBuild.cs:13)

(Filename: Assets/Editor/ClinicRules.cs Line: 13)

CLINIC PASS / Cutaways leave physical colliders enabled: Clinic supplies counter
UnityEngine.Debug:ExtractStackTraceNoAlloc (byte*,int,string)
UnityEngine.StackTraceUtility:ExtractStackTrace ()
UnityEngine.DebugLogHandler:Internal_Log (UnityEngine.LogType,UnityEngine.LogOption,string,UnityEngine.Object)
UnityEngine.DebugLogHandler:LogFormat (UnityEngine.LogType,UnityEngine.Object,string,object[])
UnityEngine.Logger:Log (UnityEngine.LogType,object)
UnityEngine.Debug:Log (object)
ClinicRules/<>c__DisplayClass0_0:<Verify>b__0 (bool,string) (at Assets/Editor/ClinicRules.cs:13)
ClinicRules:Verify () (at Assets/Editor/ClinicRules.cs:43)
FunstraBuild:BuildPlayer (string,string) (at Assets/Editor/FunstraBuild.cs:26)
FunstraBuild:BuildPressure () (at Assets/Editor/FunstraBuild.cs:16)
FunstraBuild:Build () (at Assets/Editor/FunstraBuild.cs:13)

(Filename: Assets/Editor/ClinicRules.cs Line: 13)

CLINIC PASS / Cutaways leave physical colliders enabled: Camp bed
UnityEngine.Debug:ExtractStackTraceNoAlloc (byte*,int,string)
UnityEngine.StackTraceUtility:ExtractStackTrace ()
UnityEngine.DebugLogHandler:Internal_Log (UnityEngine.LogType,UnityEngine.LogOption,string,UnityEngine.Object)
UnityEngine.DebugLogHandler:LogFormat (UnityEngine.LogType,UnityEngine.Object,string,object[])
UnityEngine.Logger:Log (UnityEngine.LogType,object)
UnityEngine.Debug:Log (object)
ClinicRules/<>c__DisplayClass0_0:<Verify>b__0 (bool,string) (at Assets/Editor/ClinicRules.cs:13)
ClinicRules:Verify () (at Assets/Editor/ClinicRules.cs:43)
FunstraBuild:BuildPlayer (string,string) (at Assets/Editor/FunstraBuild.cs:26)
FunstraBuild:BuildPressure () (at Assets/Editor/FunstraBuild.cs:16)
FunstraBuild:Build () (at Assets/Editor/FunstraBuild.cs:13)

(Filename: Assets/Editor/ClinicRules.cs Line: 13)

CLINIC PASS / Cutaways leave physical colliders enabled: Clinic furniture collision
UnityEngine.Debug:ExtractStackTraceNoAlloc (byte*,int,string)
UnityEngine.StackTraceUtility:ExtractStackTrace ()
UnityEngine.DebugLogHandler:Internal_Log (UnityEngine.LogType,UnityEngine.LogOption,string,UnityEngine.Object)
UnityEngine.DebugLogHandler:LogFormat (UnityEngine.LogType,UnityEngine.Object,string,object[])
UnityEngine.Logger:Log (UnityEngine.LogType,object)
UnityEngine.Debug:Log (object)
ClinicRules/<>c__DisplayClass0_0:<Verify>b__0 (bool,string) (at Assets/Editor/ClinicRules.cs:13)
ClinicRules:Verify () (at Assets/Editor/ClinicRules.cs:43)
FunstraBuild:BuildPlayer (string,string) (at Assets/Editor/FunstraBuild.cs:26)
FunstraBuild:BuildPressure () (at Assets/Editor/FunstraBuild.cs:16)
FunstraBuild:Build () (at Assets/Editor/FunstraBuild.cs:13)

(Filename: Assets/Editor/ClinicRules.cs Line: 13)

CLINIC PASS / Cutaways leave physical colliders enabled: Clinic furniture collision
UnityEngine.Debug:ExtractStackTraceNoAlloc (byte*,int,string)
UnityEngine.StackTraceUtility:ExtractStackTrace ()
UnityEngine.DebugLogHandler:Internal_Log (UnityEngine.LogType,UnityEngine.LogOption,string,UnityEngine.Object)
UnityEngine.DebugLogHandler:LogFormat (UnityEngine.LogType,UnityEngine.Object,string,object[])
UnityEngine.Logger:Log (UnityEngine.LogType,object)
UnityEngine.Debug:Log (object)
ClinicRules/<>c__DisplayClass0_0:<Verify>b__0 (bool,string) (at Assets/Editor/ClinicRules.cs:13)
ClinicRules:Verify () (at Assets/Editor/ClinicRules.cs:43)
FunstraBuild:BuildPlayer (string,string) (at Assets/Editor/FunstraBuild.cs:26)
FunstraBuild:BuildPressure () (at Assets/Editor/FunstraBuild.cs:16)
FunstraBuild:Build () (at Assets/Editor/FunstraBuild.cs:13)

(Filename: Assets/Editor/ClinicRules.cs Line: 13)

CLINIC PASS / Cutaways leave physical colliders enabled: Clinic furniture collision
UnityEngine.Debug:ExtractStackTraceNoAlloc (byte*,int,string)
UnityEngine.StackTraceUtility:ExtractStackTrace ()
UnityEngine.DebugLogHandler:Internal_Log (UnityEngine.LogType,UnityEngine.LogOption,string,UnityEngine.Object)
UnityEngine.DebugLogHandler:LogFormat (UnityEngine.LogType,UnityEngine.Object,string,object[])
UnityEngine.Logger:Log (UnityEngine.LogType,object)
UnityEngine.Debug:Log (object)
ClinicRules/<>c__DisplayClass0_0:<Verify>b__0 (bool,string) (at Assets/Editor/ClinicRules.cs:13)
ClinicRules:Verify () (at Assets/Editor/ClinicRules.cs:43)
FunstraBuild:BuildPlayer (string,string) (at Assets/Editor/FunstraBuild.cs:26)
FunstraBuild:BuildPressure () (at Assets/Editor/FunstraBuild.cs:16)
FunstraBuild:Build () (at Assets/Editor/FunstraBuild.cs:13)

(Filename: Assets/Editor/ClinicRules.cs Line: 13)

CLINIC PASS / Cutaways leave physical colliders enabled: Clinic furniture collision
UnityEngine.Debug:ExtractStackTraceNoAlloc (byte*,int,string)
UnityEngine.StackTraceUtility:ExtractStackTrace ()
UnityEngine.DebugLogHandler:Internal_Log (UnityEngine.LogType,UnityEngine.LogOption,string,UnityEngine.Object)
UnityEngine.DebugLogHandler:LogFormat (UnityEngine.LogType,UnityEngine.Object,string,object[])
UnityEngine.Logger:Log (UnityEngine.LogType,object)
UnityEngine.Debug:Log (object)
ClinicRules/<>c__DisplayClass0_0:<Verify>b__0 (bool,string) (at Assets/Editor/ClinicRules.cs:13)
ClinicRules:Verify () (at Assets/Editor/ClinicRules.cs:43)
FunstraBuild:BuildPlayer (string,string) (at Assets/Editor/FunstraBuild.cs:26)
FunstraBuild:BuildPressure () (at Assets/Editor/FunstraBuild.cs:16)
FunstraBuild:Build () (at Assets/Editor/FunstraBuild.cs:13)

(Filename: Assets/Editor/ClinicRules.cs Line: 13)

CLINIC PASS / Cutaways leave physical colliders enabled: Clinic pitched standing-seam roof
UnityEngine.Debug:ExtractStackTraceNoAlloc (byte*,int,string)
UnityEngine.StackTraceUtility:ExtractStackTrace ()
UnityEngine.DebugLogHandler:Internal_Log (UnityEngine.LogType,UnityEngine.LogOption,string,UnityEngine.Object)
UnityEngine.DebugLogHandler:LogFormat (UnityEngine.LogType,UnityEngine.Object,string,object[])
UnityEngine.Logger:Log (UnityEngine.LogType,object)
UnityEngine.Debug:Log (object)
ClinicRules/<>c__DisplayClass0_0:<Verify>b__0 (bool,string) (at Assets/Editor/ClinicRules.cs:13)
ClinicRules:Verify () (at Assets/Editor/ClinicRules.cs:43)
FunstraBuild:BuildPlayer (string,string) (at Assets/Editor/FunstraBuild.cs:26)
FunstraBuild:BuildPressure () (at Assets/Editor/FunstraBuild.cs:16)
FunstraBuild:Build () (at Assets/Editor/FunstraBuild.cs:13)

(Filename: Assets/Editor/ClinicRules.cs Line: 13)

CLINIC PASS / Restored view has identical wall traversal and sight
UnityEngine.Debug:ExtractStackTraceNoAlloc (byte*,int,string)
UnityEngine.StackTraceUtility:ExtractStackTrace ()
UnityEngine.DebugLogHandler:Internal_Log (UnityEngine.LogType,UnityEngine.LogOption,string,UnityEngine.Object)
UnityEngine.DebugLogHandler:LogFormat (UnityEngine.LogType,UnityEngine.Object,string,object[])
UnityEngine.Logger:Log (UnityEngine.LogType,object)
UnityEngine.Debug:Log (object)
ClinicRules/<>c__DisplayClass0_0:<Verify>b__0 (bool,string) (at Assets/Editor/ClinicRules.cs:13)
ClinicRules:Verify () (at Assets/Editor/ClinicRules.cs:44)
FunstraBuild:BuildPlayer (string,string) (at Assets/Editor/FunstraBuild.cs:26)
FunstraBuild:BuildPressure () (at Assets/Editor/FunstraBuild.cs:16)
FunstraBuild:Build () (at Assets/Editor/FunstraBuild.cs:13)

(Filename: Assets/Editor/ClinicRules.cs Line: 13)

CLINIC RULES COMPLETE / 72 checks
UnityEngine.Debug:ExtractStackTraceNoAlloc (byte*,int,string)
UnityEngine.StackTraceUtility:ExtractStackTrace ()
UnityEngine.DebugLogHandler:Internal_Log (UnityEngine.LogType,UnityEngine.LogOption,string,UnityEngine.Object)
UnityEngine.DebugLogHandler:LogFormat (UnityEngine.LogType,UnityEngine.Object,string,object[])
UnityEngine.Logger:Log (UnityEngine.LogType,object)
UnityEngine.Debug:Log (object)
ClinicRules:Verify () (at Assets/Editor/ClinicRules.cs:47)
FunstraBuild:BuildPlayer (string,string) (at Assets/Editor/FunstraBuild.cs:26)
FunstraBuild:BuildPressure () (at Assets/Editor/FunstraBuild.cs:16)
FunstraBuild:Build () (at Assets/Editor/FunstraBuild.cs:13)

(Filename: Assets/Editor/ClinicRules.cs Line: 47)

Combat squad rules: 39 checks passed.
UnityEngine.Debug:ExtractStackTraceNoAlloc (byte*,int,string)
UnityEngine.StackTraceUtility:ExtractStackTrace ()
UnityEngine.DebugLogHandler:Internal_Log (UnityEngine.LogType,UnityEngine.LogOption,string,UnityEngine.Object)
UnityEngine.DebugLogHandler:LogFormat (UnityEngine.LogType,UnityEngine.Object,string,object[])
UnityEngine.Logger:Log (UnityEngine.LogType,object)
UnityEngine.Debug:Log (object)
Funstra.CombatSquadRules:Verify () (at Assets/Scripts/CombatSquadRules.cs:71)
FunstraBuild:BuildPlayer (string,string) (at Assets/Editor/FunstraBuild.cs:27)
FunstraBuild:BuildPressure () (at Assets/Editor/FunstraBuild.cs:16)
FunstraBuild:Build () (at Assets/Editor/FunstraBuild.cs:13)

(Filename: Assets/Scripts/CombatSquadRules.cs Line: 71)

COMBAT PASS / Magazine migration partitions existing rounds without granting ammunition
UnityEngine.Debug:ExtractStackTraceNoAlloc (byte*,int,string)
UnityEngine.StackTraceUtility:ExtractStackTrace ()
UnityEngine.DebugLogHandler:Internal_Log (UnityEngine.LogType,UnityEngine.LogOption,string,UnityEngine.Object)
UnityEngine.DebugLogHandler:LogFormat (UnityEngine.LogType,UnityEngine.Object,string,object[])
UnityEngine.Logger:Log (UnityEngine.LogType,object)
UnityEngine.Debug:Log (object)
CombatRules/<>c__DisplayClass0_0:<Verify>b__0 (bool,string) (at Assets/Editor/CombatRules.cs:10)
CombatRules:Verify () (at Assets/Editor/CombatRules.cs:12)
FunstraBuild:BuildPlayer (string,string) (at Assets/Editor/FunstraBuild.cs:28)
FunstraBuild:BuildPressure () (at Assets/Editor/FunstraBuild.cs:16)
FunstraBuild:Build () (at Assets/Editor/FunstraBuild.cs:13)

(Filename: Assets/Editor/CombatRules.cs Line: 10)

COMBAT PASS / Firing consumes exactly one total and loaded round
UnityEngine.Debug:ExtractStackTraceNoAlloc (byte*,int,string)
UnityEngine.StackTraceUtility:ExtractStackTrace ()
UnityEngine.DebugLogHandler:Internal_Log (UnityEngine.LogType,UnityEngine.LogOption,string,UnityEngine.Object)
UnityEngine.DebugLogHandler:LogFormat (UnityEngine.LogType,UnityEngine.Object,string,object[])
UnityEngine.Logger:Log (UnityEngine.LogType,object)
UnityEngine.Debug:Log (object)
CombatRules/<>c__DisplayClass0_0:<Verify>b__0 (bool,string) (at Assets/Editor/CombatRules.cs:10)
CombatRules:Verify () (at Assets/Editor/CombatRules.cs:13)
FunstraBuild:BuildPlayer (string,string) (at Assets/Editor/FunstraBuild.cs:28)
FunstraBuild:BuildPressure () (at Assets/Editor/FunstraBuild.cs:16)
FunstraBuild:Build () (at Assets/Editor/FunstraBuild.cs:13)

(Filename: Assets/Editor/CombatRules.cs Line: 10)

COMBAT PASS / Cooldown prevents repeated same-frame fire
UnityEngine.Debug:ExtractStackTraceNoAlloc (byte*,int,string)
UnityEngine.StackTraceUtility:ExtractStackTrace ()
UnityEngine.DebugLogHandler:Internal_Log (UnityEngine.LogType,UnityEngine.LogOption,string,UnityEngine.Object)
UnityEngine.DebugLogHandler:LogFormat (UnityEngine.LogType,UnityEngine.Object,string,object[])
UnityEngine.Logger:Log (UnityEngine.LogType,object)
UnityEngine.Debug:Log (object)
CombatRules/<>c__DisplayClass0_0:<Verify>b__0 (bool,string) (at Assets/Editor/CombatRules.cs:10)
CombatRules:Verify () (at Assets/Editor/CombatRules.cs:14)
FunstraBuild:BuildPlayer (string,string) (at Assets/Editor/FunstraBuild.cs:28)
FunstraBuild:BuildPressure () (at Assets/Editor/FunstraBuild.cs:16)
FunstraBuild:Build () (at Assets/Editor/FunstraBuild.cs:13)

(Filename: Assets/Editor/CombatRules.cs Line: 10)

COMBAT PASS / Partial magazine can reload
UnityEngine.Debug:ExtractStackTraceNoAlloc (byte*,int,string)
UnityEngine.StackTraceUtility:ExtractStackTrace ()
UnityEngine.DebugLogHandler:Internal_Log (UnityEngine.LogType,UnityEngine.LogOption,string,UnityEngine.Object)
UnityEngine.DebugLogHandler:LogFormat (UnityEngine.LogType,UnityEngine.Object,string,object[])
UnityEngine.Logger:Log (UnityEngine.LogType,object)
UnityEngine.Debug:Log (object)
CombatRules/<>c__DisplayClass0_0:<Verify>b__0 (bool,string) (at Assets/Editor/CombatRules.cs:10)
CombatRules:Verify () (at Assets/Editor/CombatRules.cs:15)
FunstraBuild:BuildPlayer (string,string) (at Assets/Editor/FunstraBuild.cs:28)
FunstraBuild:BuildPressure () (at Assets/Editor/FunstraBuild.cs:16)
FunstraBuild:Build () (at Assets/Editor/FunstraBuild.cs:13)

(Filename: Assets/Editor/CombatRules.cs Line: 10)

COMBAT PASS / Interrupted reload preserves magazine and ammunition
UnityEngine.Debug:ExtractStackTraceNoAlloc (byte*,int,string)
UnityEngine.StackTraceUtility:ExtractStackTrace ()
UnityEngine.DebugLogHandler:Internal_Log (UnityEngine.LogType,UnityEngine.LogOption,string,UnityEngine.Object)
UnityEngine.DebugLogHandler:LogFormat (UnityEngine.LogType,UnityEngine.Object,string,object[])
UnityEngine.Logger:Log (UnityEngine.LogType,object)
UnityEngine.Debug:Log (object)
CombatRules/<>c__DisplayClass0_0:<Verify>b__0 (bool,string) (at Assets/Editor/CombatRules.cs:10)
CombatRules:Verify () (at Assets/Editor/CombatRules.cs:17)
FunstraBuild:BuildPlayer (string,string) (at Assets/Editor/FunstraBuild.cs:28)
FunstraBuild:BuildPressure () (at Assets/Editor/FunstraBuild.cs:16)
FunstraBuild:Build () (at Assets/Editor/FunstraBuild.cs:13)

(Filename: Assets/Editor/CombatRules.cs Line: 10)

COMBAT PASS / Completed reload repartitions total without inventing rounds
UnityEngine.Debug:ExtractStackTraceNoAlloc (byte*,int,string)
UnityEngine.StackTraceUtility:ExtractStackTrace ()
UnityEngine.DebugLogHandler:Internal_Log (UnityEngine.LogType,UnityEngine.LogOption,string,UnityEngine.Object)
UnityEngine.DebugLogHandler:LogFormat (UnityEngine.LogType,UnityEngine.Object,string,object[])
UnityEngine.Logger:Log (UnityEngine.LogType,object)
UnityEngine.Debug:Log (object)
CombatRules/<>c__DisplayClass0_0:<Verify>b__0 (bool,string) (at Assets/Editor/CombatRules.cs:10)
CombatRules:Verify () (at Assets/Editor/CombatRules.cs:19)
FunstraBuild:BuildPlayer (string,string) (at Assets/Editor/FunstraBuild.cs:28)
FunstraBuild:BuildPressure () (at Assets/Editor/FunstraBuild.cs:16)
FunstraBuild:Build () (at Assets/Editor/FunstraBuild.cs:13)

(Filename: Assets/Editor/CombatRules.cs Line: 10)

COMBAT PASS / External confiscation clamps magazine to remaining stock
UnityEngine.Debug:ExtractStackTraceNoAlloc (byte*,int,string)
UnityEngine.StackTraceUtility:ExtractStackTrace ()
UnityEngine.DebugLogHandler:Internal_Log (UnityEngine.LogType,UnityEngine.LogOption,string,UnityEngine.Object)
UnityEngine.DebugLogHandler:LogFormat (UnityEngine.LogType,UnityEngine.Object,string,object[])
UnityEngine.Logger:Log (UnityEngine.LogType,object)
UnityEngine.Debug:Log (object)
CombatRules/<>c__DisplayClass0_0:<Verify>b__0 (bool,string) (at Assets/Editor/CombatRules.cs:10)
CombatRules:Verify () (at Assets/Editor/CombatRules.cs:20)
FunstraBuild:BuildPlayer (string,string) (at Assets/Editor/FunstraBuild.cs:28)
FunstraBuild:BuildPressure () (at Assets/Editor/FunstraBuild.cs:16)
FunstraBuild:Build () (at Assets/Editor/FunstraBuild.cs:13)

(Filename: Assets/Editor/CombatRules.cs Line: 10)

COMBAT PASS / Empty weapon cannot fire or complete a free reload
UnityEngine.Debug:ExtractStackTraceNoAlloc (byte*,int,string)
UnityEngine.StackTraceUtility:ExtractStackTrace ()
UnityEngine.DebugLogHandler:Internal_Log (UnityEngine.LogType,UnityEngine.LogOption,string,UnityEngine.Object)
UnityEngine.DebugLogHandler:LogFormat (UnityEngine.LogType,UnityEngine.Object,string,object[])
UnityEngine.Logger:Log (UnityEngine.LogType,object)
UnityEngine.Debug:Log (object)
CombatRules/<>c__DisplayClass0_0:<Verify>b__0 (bool,string) (at Assets/Editor/CombatRules.cs:10)
CombatRules:Verify () (at Assets/Editor/CombatRules.cs:22)
FunstraBuild:BuildPlayer (string,string) (at Assets/Editor/FunstraBuild.cs:28)
FunstraBuild:BuildPressure () (at Assets/Editor/FunstraBuild.cs:16)
FunstraBuild:Build () (at Assets/Editor/FunstraBuild.cs:13)

(Filename: Assets/Editor/CombatRules.cs Line: 10)

COMBAT PASS / Shotgun spends one shell per multi-projectile shot
UnityEngine.Debug:ExtractStackTraceNoAlloc (byte*,int,string)
UnityEngine.StackTraceUtility:ExtractStackTrace ()
UnityEngine.DebugLogHandler:Internal_Log (UnityEngine.LogType,UnityEngine.LogOption,string,UnityEngine.Object)
UnityEngine.DebugLogHandler:LogFormat (UnityEngine.LogType,UnityEngine.Object,string,object[])
UnityEngine.Logger:Log (UnityEngine.LogType,object)
UnityEngine.Debug:Log (object)
CombatRules/<>c__DisplayClass0_0:<Verify>b__0 (bool,string) (at Assets/Editor/CombatRules.cs:10)
CombatRules:Verify () (at Assets/Editor/CombatRules.cs:24)
FunstraBuild:BuildPlayer (string,string) (at Assets/Editor/FunstraBuild.cs:28)
FunstraBuild:BuildPressure () (at Assets/Editor/FunstraBuild.cs:16)
FunstraBuild:Build () (at Assets/Editor/FunstraBuild.cs:13)

(Filename: Assets/Editor/CombatRules.cs Line: 10)

COMBAT PASS / Shotgun has separate pellets and committed handling
UnityEngine.Debug:ExtractStackTraceNoAlloc (byte*,int,string)
UnityEngine.StackTraceUtility:ExtractStackTrace ()
UnityEngine.DebugLogHandler:Internal_Log (UnityEngine.LogType,UnityEngine.LogOption,string,UnityEngine.Object)
UnityEngine.DebugLogHandler:LogFormat (UnityEngine.LogType,UnityEngine.Object,string,object[])
UnityEngine.Logger:Log (UnityEngine.LogType,object)
UnityEngine.Debug:Log (object)
CombatRules/<>c__DisplayClass0_0:<Verify>b__0 (bool,string) (at Assets/Editor/CombatRules.cs:10)
CombatRules:Verify () (at Assets/Editor/CombatRules.cs:25)
FunstraBuild:BuildPlayer (string,string) (at Assets/Editor/FunstraBuild.cs:28)
FunstraBuild:BuildPressure () (at Assets/Editor/FunstraBuild.cs:16)
FunstraBuild:Build () (at Assets/Editor/FunstraBuild.cs:13)

(Filename: Assets/Editor/CombatRules.cs Line: 10)

COMBAT PASS / Swept bullet strikes stationary actor between endpoints
UnityEngine.Debug:ExtractStackTraceNoAlloc (byte*,int,string)
UnityEngine.StackTraceUtility:ExtractStackTrace ()
UnityEngine.DebugLogHandler:Internal_Log (UnityEngine.LogType,UnityEngine.LogOption,string,UnityEngine.Object)
UnityEngine.DebugLogHandler:LogFormat (UnityEngine.LogType,UnityEngine.Object,string,object[])
UnityEngine.Logger:Log (UnityEngine.LogType,object)
UnityEngine.Debug:Log (object)
CombatRules/<>c__DisplayClass0_0:<Verify>b__0 (bool,string) (at Assets/Editor/CombatRules.cs:10)
CombatRules:Verify () (at Assets/Editor/CombatRules.cs:27)
FunstraBuild:BuildPlayer (string,string) (at Assets/Editor/FunstraBuild.cs:28)
FunstraBuild:BuildPressure () (at Assets/Editor/FunstraBuild.cs:16)
FunstraBuild:Build () (at Assets/Editor/FunstraBuild.cs:13)

(Filename: Assets/Editor/CombatRules.cs Line: 10)

COMBAT PASS / Relative sweep catches actor crossing the bullet during a frame
UnityEngine.Debug:ExtractStackTraceNoAlloc (byte*,int,string)
UnityEngine.StackTraceUtility:ExtractStackTrace ()
UnityEngine.DebugLogHandler:Internal_Log (UnityEngine.LogType,UnityEngine.LogOption,string,UnityEngine.Object)
UnityEngine.DebugLogHandler:LogFormat (UnityEngine.LogType,UnityEngine.Object,string,object[])
UnityEngine.Logger:Log (UnityEngine.LogType,object)
UnityEngine.Debug:Log (object)
CombatRules/<>c__DisplayClass0_0:<Verify>b__0 (bool,string) (at Assets/Editor/CombatRules.cs:10)
CombatRules:Verify () (at Assets/Editor/CombatRules.cs:28)
FunstraBuild:BuildPlayer (string,string) (at Assets/Editor/FunstraBuild.cs:28)
FunstraBuild:BuildPressure () (at Assets/Editor/FunstraBuild.cs:16)
FunstraBuild:Build () (at Assets/Editor/FunstraBuild.cs:13)

(Filename: Assets/Editor/CombatRules.cs Line: 10)

COMBAT PASS / Moving actor outside path remains unhit
UnityEngine.Debug:ExtractStackTraceNoAlloc (byte*,int,string)
UnityEngine.StackTraceUtility:ExtractStackTrace ()
UnityEngine.DebugLogHandler:Internal_Log (UnityEngine.LogType,UnityEngine.LogOption,string,UnityEngine.Object)
UnityEngine.DebugLogHandler:LogFormat (UnityEngine.LogType,UnityEngine.Object,string,object[])
UnityEngine.Logger:Log (UnityEngine.LogType,object)
UnityEngine.Debug:Log (object)
CombatRules/<>c__DisplayClass0_0:<Verify>b__0 (bool,string) (at Assets/Editor/CombatRules.cs:10)
CombatRules:Verify () (at Assets/Editor/CombatRules.cs:29)
FunstraBuild:BuildPlayer (string,string) (at Assets/Editor/FunstraBuild.cs:28)
FunstraBuild:BuildPressure () (at Assets/Editor/FunstraBuild.cs:16)
FunstraBuild:Build () (at Assets/Editor/FunstraBuild.cs:13)

(Filename: Assets/Editor/CombatRules.cs Line: 10)

COMBAT PASS / Thin cover cannot be tunneled at 15 FPS
UnityEngine.Debug:ExtractStackTraceNoAlloc (byte*,int,string)
UnityEngine.StackTraceUtility:ExtractStackTrace ()
UnityEngine.DebugLogHandler:Internal_Log (UnityEngine.LogType,UnityEngine.LogOption,string,UnityEngine.Object)
UnityEngine.DebugLogHandler:LogFormat (UnityEngine.LogType,UnityEngine.Object,string,object[])
UnityEngine.Logger:Log (UnityEngine.LogType,object)
UnityEngine.Debug:Log (object)
CombatRules/<>c__DisplayClass0_0:<Verify>b__0 (bool,string) (at Assets/Editor/CombatRules.cs:10)
CombatRules:Verify () (at Assets/Editor/CombatRules.cs:35)
FunstraBuild:BuildPlayer (string,string) (at Assets/Editor/FunstraBuild.cs:28)
FunstraBuild:BuildPressure () (at Assets/Editor/FunstraBuild.cs:16)
FunstraBuild:Build () (at Assets/Editor/FunstraBuild.cs:13)

(Filename: Assets/Editor/CombatRules.cs Line: 10)

COMBAT PASS / Thin cover cannot be tunneled at 30 FPS
UnityEngine.Debug:ExtractStackTraceNoAlloc (byte*,int,string)
UnityEngine.StackTraceUtility:ExtractStackTrace ()
UnityEngine.DebugLogHandler:Internal_Log (UnityEngine.LogType,UnityEngine.LogOption,string,UnityEngine.Object)
UnityEngine.DebugLogHandler:LogFormat (UnityEngine.LogType,UnityEngine.Object,string,object[])
UnityEngine.Logger:Log (UnityEngine.LogType,object)
UnityEngine.Debug:Log (object)
CombatRules/<>c__DisplayClass0_0:<Verify>b__0 (bool,string) (at Assets/Editor/CombatRules.cs:10)
CombatRules:Verify () (at Assets/Editor/CombatRules.cs:35)
FunstraBuild:BuildPlayer (string,string) (at Assets/Editor/FunstraBuild.cs:28)
FunstraBuild:BuildPressure () (at Assets/Editor/FunstraBuild.cs:16)
FunstraBuild:Build () (at Assets/Editor/FunstraBuild.cs:13)

(Filename: Assets/Editor/CombatRules.cs Line: 10)

COMBAT PASS / Thin cover cannot be tunneled at 60 FPS
UnityEngine.Debug:ExtractStackTraceNoAlloc (byte*,int,string)
UnityEngine.StackTraceUtility:ExtractStackTrace ()
UnityEngine.DebugLogHandler:Internal_Log (UnityEngine.LogType,UnityEngine.LogOption,string,UnityEngine.Object)
UnityEngine.DebugLogHandler:LogFormat (UnityEngine.LogType,UnityEngine.Object,string,object[])
UnityEngine.Logger:Log (UnityEngine.LogType,object)
UnityEngine.Debug:Log (object)
CombatRules/<>c__DisplayClass0_0:<Verify>b__0 (bool,string) (at Assets/Editor/CombatRules.cs:10)
CombatRules:Verify () (at Assets/Editor/CombatRules.cs:35)
FunstraBuild:BuildPlayer (string,string) (at Assets/Editor/FunstraBuild.cs:28)
FunstraBuild:BuildPressure () (at Assets/Editor/FunstraBuild.cs:16)
FunstraBuild:Build () (at Assets/Editor/FunstraBuild.cs:13)

(Filename: Assets/Editor/CombatRules.cs Line: 10)

COMBAT PASS / Thin cover cannot be tunneled at 144 FPS
UnityEngine.Debug:ExtractStackTraceNoAlloc (byte*,int,string)
UnityEngine.StackTraceUtility:ExtractStackTrace ()
UnityEngine.DebugLogHandler:Internal_Log (UnityEngine.LogType,UnityEngine.LogOption,string,UnityEngine.Object)
UnityEngine.DebugLogHandler:LogFormat (UnityEngine.LogType,UnityEngine.Object,string,object[])
UnityEngine.Logger:Log (UnityEngine.LogType,object)
UnityEngine.Debug:Log (object)
CombatRules/<>c__DisplayClass0_0:<Verify>b__0 (bool,string) (at Assets/Editor/CombatRules.cs:10)
CombatRules:Verify () (at Assets/Editor/CombatRules.cs:35)
FunstraBuild:BuildPlayer (string,string) (at Assets/Editor/FunstraBuild.cs:28)
FunstraBuild:BuildPressure () (at Assets/Editor/FunstraBuild.cs:16)
FunstraBuild:Build () (at Assets/Editor/FunstraBuild.cs:13)

(Filename: Assets/Editor/CombatRules.cs Line: 10)

COMBAT PASS / Moving cover crossing between snapshots stops a swept round
UnityEngine.Debug:ExtractStackTraceNoAlloc (byte*,int,string)
UnityEngine.StackTraceUtility:ExtractStackTrace ()
UnityEngine.DebugLogHandler:Internal_Log (UnityEngine.LogType,UnityEngine.LogOption,string,UnityEngine.Object)
UnityEngine.DebugLogHandler:LogFormat (UnityEngine.LogType,UnityEngine.Object,string,object[])
UnityEngine.Logger:Log (UnityEngine.LogType,object)
UnityEngine.Debug:Log (object)
CombatRules/<>c__DisplayClass0_0:<Verify>b__0 (bool,string) (at Assets/Editor/CombatRules.cs:10)
CombatRules:Verify () (at Assets/Editor/CombatRules.cs:38)
FunstraBuild:BuildPlayer (string,string) (at Assets/Editor/FunstraBuild.cs:28)
FunstraBuild:BuildPressure () (at Assets/Editor/FunstraBuild.cs:16)
FunstraBuild:Build () (at Assets/Editor/FunstraBuild.cs:13)

(Filename: Assets/Editor/CombatRules.cs Line: 10)

COMBAT PASS / A muzzle already inside cover produces a zero-distance obstruction
UnityEngine.Debug:ExtractStackTraceNoAlloc (byte*,int,string)
UnityEngine.StackTraceUtility:ExtractStackTrace ()
UnityEngine.DebugLogHandler:Internal_Log (UnityEngine.LogType,UnityEngine.LogOption,string,UnityEngine.Object)
UnityEngine.DebugLogHandler:LogFormat (UnityEngine.LogType,UnityEngine.Object,string,object[])
UnityEngine.Logger:Log (UnityEngine.LogType,object)
UnityEngine.Debug:Log (object)
CombatRules/<>c__DisplayClass0_0:<Verify>b__0 (bool,string) (at Assets/Editor/CombatRules.cs:10)
CombatRules:Verify () (at Assets/Editor/CombatRules.cs:39)
FunstraBuild:BuildPlayer (string,string) (at Assets/Editor/FunstraBuild.cs:28)
FunstraBuild:BuildPressure () (at Assets/Editor/FunstraBuild.cs:16)
FunstraBuild:Build () (at Assets/Editor/FunstraBuild.cs:13)

(Filename: Assets/Editor/CombatRules.cs Line: 10)

COMBAT PASS / In-flight and reload checkpoint writes
UnityEngine.Debug:ExtractStackTraceNoAlloc (byte*,int,string)
UnityEngine.StackTraceUtility:ExtractStackTrace ()
UnityEngine.DebugLogHandler:Internal_Log (UnityEngine.LogType,UnityEngine.LogOption,string,UnityEngine.Object)
UnityEngine.DebugLogHandler:LogFormat (UnityEngine.LogType,UnityEngine.Object,string,object[])
UnityEngine.Logger:Log (UnityEngine.LogType,object)
UnityEngine.Debug:Log (object)
CombatRules/<>c__DisplayClass0_0:<Verify>b__0 (bool,string) (at Assets/Editor/CombatRules.cs:10)
CombatRules:Verify () (at Assets/Editor/CombatRules.cs:45)
FunstraBuild:BuildPlayer (string,string) (at Assets/Editor/FunstraBuild.cs:28)
FunstraBuild:BuildPressure () (at Assets/Editor/FunstraBuild.cs:16)
FunstraBuild:Build () (at Assets/Editor/FunstraBuild.cs:13)

(Filename: Assets/Editor/CombatRules.cs Line: 10)

COMBAT PASS / Reload resumes physical bullet at saved position
UnityEngine.Debug:ExtractStackTraceNoAlloc (byte*,int,string)
UnityEngine.StackTraceUtility:ExtractStackTrace ()
UnityEngine.DebugLogHandler:Internal_Log (UnityEngine.LogType,UnityEngine.LogOption,string,UnityEngine.Object)
UnityEngine.DebugLogHandler:LogFormat (UnityEngine.LogType,UnityEngine.Object,string,object[])
UnityEngine.Logger:Log (UnityEngine.LogType,object)
UnityEngine.Debug:Log (object)
CombatRules/<>c__DisplayClass0_0:<Verify>b__0 (bool,string) (at Assets/Editor/CombatRules.cs:10)
CombatRules:Verify () (at Assets/Editor/CombatRules.cs:46)
FunstraBuild:BuildPlayer (string,string) (at Assets/Editor/FunstraBuild.cs:28)
FunstraBuild:BuildPressure () (at Assets/Editor/FunstraBuild.cs:16)
FunstraBuild:Build () (at Assets/Editor/FunstraBuild.cs:13)

(Filename: Assets/Editor/CombatRules.cs Line: 10)

COMBAT PASS / Mid-reload save retains committed ammo and remaining duration
UnityEngine.Debug:ExtractStackTraceNoAlloc (byte*,int,string)
UnityEngine.StackTraceUtility:ExtractStackTrace ()
UnityEngine.DebugLogHandler:Internal_Log (UnityEngine.LogType,UnityEngine.LogOption,string,UnityEngine.Object)
UnityEngine.DebugLogHandler:LogFormat (UnityEngine.LogType,UnityEngine.Object,string,object[])
UnityEngine.Logger:Log (UnityEngine.LogType,object)
UnityEngine.Debug:Log (object)
CombatRules/<>c__DisplayClass0_0:<Verify>b__0 (bool,string) (at Assets/Editor/CombatRules.cs:10)
CombatRules:Verify () (at Assets/Editor/CombatRules.cs:47)
FunstraBuild:BuildPlayer (string,string) (at Assets/Editor/FunstraBuild.cs:28)
FunstraBuild:BuildPressure () (at Assets/Editor/FunstraBuild.cs:16)
FunstraBuild:Build () (at Assets/Editor/FunstraBuild.cs:13)

(Filename: Assets/Editor/CombatRules.cs Line: 10)

COMBAT PASS / Resumed reload seats rounds exactly once
UnityEngine.Debug:ExtractStackTraceNoAlloc (byte*,int,string)
UnityEngine.StackTraceUtility:ExtractStackTrace ()
UnityEngine.DebugLogHandler:Internal_Log (UnityEngine.LogType,UnityEngine.LogOption,string,UnityEngine.Object)
UnityEngine.DebugLogHandler:LogFormat (UnityEngine.LogType,UnityEngine.Object,string,object[])
UnityEngine.Logger:Log (UnityEngine.LogType,object)
UnityEngine.Debug:Log (object)
CombatRules/<>c__DisplayClass0_0:<Verify>b__0 (bool,string) (at Assets/Editor/CombatRules.cs:10)
CombatRules:Verify () (at Assets/Editor/CombatRules.cs:49)
FunstraBuild:BuildPlayer (string,string) (at Assets/Editor/FunstraBuild.cs:28)
FunstraBuild:BuildPressure () (at Assets/Editor/FunstraBuild.cs:16)
FunstraBuild:Build () (at Assets/Editor/FunstraBuild.cs:13)

(Filename: Assets/Editor/CombatRules.cs Line: 10)

COMBAT PASS / Spent projectile is absent from subsequent checkpoint
UnityEngine.Debug:ExtractStackTraceNoAlloc (byte*,int,string)
UnityEngine.StackTraceUtility:ExtractStackTrace ()
UnityEngine.DebugLogHandler:Internal_Log (UnityEngine.LogType,UnityEngine.LogOption,string,UnityEngine.Object)
UnityEngine.DebugLogHandler:LogFormat (UnityEngine.LogType,UnityEngine.Object,string,object[])
UnityEngine.Logger:Log (UnityEngine.LogType,object)
UnityEngine.Debug:Log (object)
CombatRules/<>c__DisplayClass0_0:<Verify>b__0 (bool,string) (at Assets/Editor/CombatRules.cs:10)
CombatRules:Verify () (at Assets/Editor/CombatRules.cs:50)
FunstraBuild:BuildPlayer (string,string) (at Assets/Editor/FunstraBuild.cs:28)
FunstraBuild:BuildPressure () (at Assets/Editor/FunstraBuild.cs:16)
FunstraBuild:Build () (at Assets/Editor/FunstraBuild.cs:13)

(Filename: Assets/Editor/CombatRules.cs Line: 10)

COMBAT PASS / Malformed nonfinite projectile rejected
UnityEngine.Debug:ExtractStackTraceNoAlloc (byte*,int,string)
UnityEngine.StackTraceUtility:ExtractStackTrace ()
UnityEngine.DebugLogHandler:Internal_Log (UnityEngine.LogType,UnityEngine.LogOption,string,UnityEngine.Object)
UnityEngine.DebugLogHandler:LogFormat (UnityEngine.LogType,UnityEngine.Object,string,object[])
UnityEngine.Logger:Log (UnityEngine.LogType,object)
UnityEngine.Debug:Log (object)
CombatRules/<>c__DisplayClass0_0:<Verify>b__0 (bool,string) (at Assets/Editor/CombatRules.cs:10)
CombatRules:Verify () (at Assets/Editor/CombatRules.cs:53)
FunstraBuild:BuildPlayer (string,string) (at Assets/Editor/FunstraBuild.cs:28)
FunstraBuild:BuildPressure () (at Assets/Editor/FunstraBuild.cs:16)
FunstraBuild:Build () (at Assets/Editor/FunstraBuild.cs:13)

(Filename: Assets/Editor/CombatRules.cs Line: 10)

COMBAT RULES COMPLETE / 25 checks
UnityEngine.Debug:ExtractStackTraceNoAlloc (byte*,int,string)
UnityEngine.StackTraceUtility:ExtractStackTrace ()
UnityEngine.DebugLogHandler:Internal_Log (UnityEngine.LogType,UnityEngine.LogOption,string,UnityEngine.Object)
UnityEngine.DebugLogHandler:LogFormat (UnityEngine.LogType,UnityEngine.Object,string,object[])
UnityEngine.Logger:Log (UnityEngine.LogType,object)
UnityEngine.Debug:Log (object)
CombatRules:Verify () (at Assets/Editor/CombatRules.cs:54)
FunstraBuild:BuildPlayer (string,string) (at Assets/Editor/FunstraBuild.cs:28)
FunstraBuild:BuildPressure () (at Assets/Editor/FunstraBuild.cs:16)
FunstraBuild:Build () (at Assets/Editor/FunstraBuild.cs:13)

(Filename: Assets/Editor/CombatRules.cs Line: 54)

FUNSTRA POLICE RULES PASSED: 22
UnityEngine.Debug:ExtractStackTraceNoAlloc (byte*,int,string)
UnityEngine.StackTraceUtility:ExtractStackTrace ()
UnityEngine.DebugLogHandler:Internal_Log (UnityEngine.LogType,UnityEngine.LogOption,string,UnityEngine.Object)
UnityEngine.DebugLogHandler:LogFormat (UnityEngine.LogType,UnityEngine.Object,string,object[])
UnityEngine.Logger:Log (UnityEngine.LogType,object)
UnityEngine.Debug:Log (object)
PoliceRules:Verify () (at Assets/Editor/PoliceRules.cs:34)
FunstraBuild:BuildPlayer (string,string) (at Assets/Editor/FunstraBuild.cs:29)
FunstraBuild:BuildPressure () (at Assets/Editor/FunstraBuild.cs:16)
FunstraBuild:Build () (at Assets/Editor/FunstraBuild.cs:13)

(Filename: Assets/Editor/PoliceRules.cs Line: 34)

Unloading 11 Unused Serialized files (Serialized files now loaded: 0)
Unloading 4 unused Assets / (81.6 KB). Loaded Objects now: 675.
Memory consumption went from 94.6 MB to 94.5 MB.
Total: 2.617500 ms (FindLiveObjects: 0.022800 ms CreateObjectMapping: 0.002900 ms MarkObjects: 2.577900 ms  DeleteObjects: 0.013400 ms)

Start importing Assets/Scenes/OldPort.unity using Guid(c6aa416ecae74c547b70062ed7f69c3f) (DefaultImporter) -> (Import Result ID: '85487a259a6af1bab1797485dc2b4c16') in 0.0033818 seconds [static dependencies only]. Details - ImportResultOutputID=b115bac6b8951e8bd25b3d084a5636e0 DependenciesID=8419d379d80d26ab50c544c91cf7efbb StaticDependenciesID=207e5a0e356c670efe32e9e006f20c87 
Asset Pipeline Refresh (id=236dc76022ed7b74e964347cbcc2f587): Total: 0.019 seconds - Initiated by StopAssetImportingV2(NoUpdateAssetOptions)
Asset Pipeline Refresh (id=dc69ea9f8505fac4b855075bda8523ac): Total: 0.008 seconds - Initiated by RefreshV2(NoUpdateAssetOptions)
Asset Pipeline Refresh (id=b350a2b1dcbe0724ca4102c6662e08c7): Total: 0.010 seconds - Initiated by RefreshV2(NoUpdateAssetOptions)
Asset Pipeline Refresh (id=504de78c3d05074438bc78012d0c8614): Total: 0.028 seconds - Initiated by RefreshV2(NoUpdateAssetOptions)
Start importing ProjectSettings/ProjectSettings.asset using Guid(00000000000000004000000000000000) (LibraryAssetImporter) -> (Import Result ID: '4baa30211282798f5c53fe5ac67d3f04') in 0.00137 seconds [static dependencies only]. Details - ImportResultOutputID=d3ca6db29495033f6ec6c171ea098da8 DependenciesID=5626e5d4a384cffffbb63d237d34ffdf StaticDependenciesID=68d7c37135bd227a78150ee7e8fa85d8 
Asset Pipeline Refresh (id=1ff0e9e26b1fd6c4a828b70fa801e259): Total: 0.006 seconds - Initiated by StopAssetImportingV2(NoUpdateAssetOptions)
Starting: C:\Program Files\Unity\Hub\Editor\6000.4.0f1\Editor\Data\Tools\BuildPipeline\bee_backend.exe --ipc --defer-dag-verification --dagfile="Library/Bee/1900b0aESkipCompile.dag" --continue-on-failure --profile="Library/Bee/backend1.traceevents" ScriptAssembliesAndTypeDB
WorkingDir: ~/repos/Funstra
ExitCode: 0 Duration: 0s130ms
[2/3        0s] BuildPlayerDataGenerator Library/BuildPlayerData/Editor/TypeDb-All.json
*** Tundra build success (0.11 seconds), 1 items updated, 3 evaluated
Asset Pipeline Refresh (id=20e066ef57824714f9e2e74c36d1b0d2): Total: 0.005 seconds - Initiated by RefreshV2(NoUpdateAssetOptions)
[ScriptCompilation] Requested script compilation because: Recompiling scripts for player build.
BuildPlayer: start building target 19
Starting: C:\Program Files\Unity\Hub\Editor\6000.4.0f1\Editor\Data\Tools\BuildPipeline\bee_backend.exe --ipc --defer-dag-verification --dagfile="Library/Bee/1900b0aP.dag" --continue-on-failure --profile="Library/Bee/backend1.traceevents" ScriptAssembliesAndTypeDB
WorkingDir: ~/repos/Funstra
Total cache size 200068508
Total cache size after purge 200068508, took 00:00:00.0928841
ExitCode: 0 Duration: 1s560ms
[56/61      1s] Csc Library/Bee/artifacts/1900b0aP.dag/Assembly-CSharp.dll (+2 others)
[57/61      0s] CopyFiles Library/Bee/PlayerScriptAssemblies/Assembly-CSharp.pdb
[58/61      0s] CopyFiles Library/Bee/PlayerScriptAssemblies/Assembly-CSharp.dll
[60/61      0s] BuildPlayerDataGenerator Library/BuildPlayerData/Player/RuntimeInitializeOnLoads.json (+1 other)
*** Tundra build success (1.55 seconds), 4 items updated, 61 evaluated
Rebuilding Data files because Assets/Scenes/OldPort.unity is dirty (hash)


Mono dependencies included in the build
Dependency assembly - System.Net.AuthenticationManager.dll
Dependency assembly - I18N.Rare.dll
Dependency assembly - System.Deployment.dll
Dependency assembly - System.Linq.Parallel.dll
Dependency assembly - System.Web.Mvc.dll
Dependency assembly - System.Web.Http.SelfHost.dll
Dependency assembly - System.Reactive.Observable.Aliases.dll
Dependency assembly - System.IO.Pipes.dll
Dependency assembly - Mono.WebBrowser.dll
Dependency assembly - System.Security.Cryptography.Primitives.dll
Dependency assembly - System.Net.Primitives.dll
Dependency assembly - System.Workflow.ComponentModel.dll
Dependency assembly - System.Reactive.Providers.dll
Dependency assembly - System.Xaml.dll
Dependency assembly - System.Reflection.Emit.ILGeneration.dll
Dependency assembly - System.Reactive.Windows.Threading.dll
Dependency assembly - System.Memory.dll
Dependency assembly - System.Xml.Xsl.Primitives.dll
Dependency assembly - System.Reflection.TypeExtensions.dll
Dependency assembly - System.Diagnostics.Tracing.dll
Dependency assembly - System.Threading.Thread.dll
Dependency assembly - Microsoft.Win32.Registry.dll
Dependency assembly - System.ServiceProcess.dll
Dependency assembly - System.dll
Dependency assembly - System.IO.FileSystem.AccessControl.dll
Dependency assembly - Microsoft.Build.Engine.dll
Dependency assembly - Mono.Security.Win32.dll
Dependency assembly - System.Data.SqlClient.dll
Dependency assembly - System.Resources.Reader.dll
Dependency assembly - System.IO.Compression.dll
Dependency assembly - System.Data.Common.dll
Dependency assembly - System.Runtime.Handles.dll
Dependency assembly - System.Xml.XmlDocument.dll
Dependency assembly - Mono.Posix.dll
Dependency assembly - System.DirectoryServices.Protocols.dll
Dependency assembly - Mono.C5.dll
Dependency assembly - System.Runtime.Loader.dll
Dependency assembly - System.Messaging.dll
Dependency assembly - System.Web.Http.WebHost.dll
Dependency assembly - System.Security.Cryptography.X509Certificates.dll
Dependency assembly - System.Windows.Forms.dll
Dependency assembly - System.Data.Services.Client.dll
Dependency assembly - Microsoft.Build.Tasks.v4.0.dll
Dependency assembly - System.Numerics.Vectors.dll
Dependency assembly - System.Reflection.Emit.dll
Dependency assembly - System.Security.Claims.dll
Dependency assembly - System.Xml.XPath.XDocument.dll
Dependency assembly - System.Web.Abstractions.dll
Dependency assembly - System.Globalization.dll
Dependency assembly - Assembly-CSharp.dll
Dependency assembly - System.Net.Http.WebRequest.dll
Dependency assembly - System.Reactive.Experimental.dll
Dependency assembly - System.Security.Cryptography.Hashing.dll
Dependency assembly - System.Web.WebPages.dll
Dependency assembly - ICSharpCode.SharpZipLib.dll
Dependency assembly - System.Threading.dll
Dependency assembly - System.Diagnostics.Tools.dll
Dependency assembly - I18N.Other.dll
Dependency assembly - Mono.Btls.Interface.dll
Dependency assembly - System.Reflection.Context.dll
Dependency assembly - System.ComponentModel.EventBasedAsync.dll
Dependency assembly - System.Drawing.dll
Dependency assembly - System.Drawing.Design.dll
Dependency assembly - System.Diagnostics.TraceSource.dll
Dependency assembly - System.Security.Cryptography.Encryption.dll
Dependency assembly - System.Runtime.Serialization.Formatters.Soap.dll
Dependency assembly - Mono.XBuild.Tasks.dll
Dependency assembly - System.Configuration.dll
Dependency assembly - System.Linq.dll
Dependency assembly - System.Web.DynamicData.dll
Dependency assembly - System.Web.Extensions.dll
Dependency assembly - System.Runtime.Numerics.dll
Dependency assembly - System.Resources.Writer.dll
Dependency assembly - I18N.West.dll
Dependency assembly - System.IO.FileSystem.Watcher.dll
Dependency assembly - PEAPI.dll
Dependency assembly - System.Runtime.Remoting.dll
Dependency assembly - System.Diagnostics.Process.dll
Dependency assembly - System.Reflection.Extensions.dll
Dependency assembly - System.Diagnostics.TraceEvent.dll
Dependency assembly - System.Windows.dll
Dependency assembly - System.Security.SecureString.dll
Dependency assembly - Mono.Messaging.RabbitMQ.dll
Dependency assembly - System.Web.dll
Dependency assembly - System.Json.Microsoft.dll
Dependency assembly - System.EnterpriseServices.dll
Dependency assembly - System.Security.Cryptography.RandomNumberGenerator.dll
Dependency assembly - System.Dynamic.Runtime.dll
Dependency assembly - System.ObjectModel.dll
Dependency assembly - System.Runtime.InteropServices.RuntimeInformation.dll
Dependency assembly - System.Net.WebHeaderCollection.dll
Dependency assembly - System.Windows.Forms.DataVisualization.dll
Dependency assembly - System.Data.DataSetExtensions.dll
Dependency assembly - System.Net.ServicePoint.dll
Dependency assembly - Mono.Tasklets.dll
Dependency assembly - System.Diagnostics.Debug.dll
Dependency assembly - System.Threading.AccessControl.dll
Dependency assembly - System.Threading.Timer.dll
Dependency assembly - System.Data.dll
Dependency assembly - System.Xml.Linq.dll
Dependency assembly - System.Reactive.Runtime.Remoting.dll
Dependency assembly - netstandard.dll
Dependency assembly - System.Net.Mail.dll
Dependency assembly - Microsoft.Win32.Primitives.dll
Dependency assembly - System.Console.dll
Dependency assembly - System.Security.Principal.Windows.dll
Dependency assembly - System.ComponentModel.dll
Dependency assembly - System.Data.OracleClient.dll
Dependency assembly - WebMatrix.Data.dll
Dependency assembly - SystemWebTestShim.dll
Dependency assembly - System.Reactive.PlatformServices.dll
Dependency assembly - System.Net.WebSockets.Client.dll
Dependency assembly - System.ServiceModel.Activation.dll
Dependency assembly - Mono.Parallel.dll
Dependency assembly - RabbitMQ.Client.dll
Dependency assembly - System.Configuration.Install.dll
Dependency assembly - System.Web.Mobile.dll
Dependency assembly - I18N.dll
Dependency assembly - System.Security.Cryptography.Encryption.ECDiffieHellman.dll
Dependency assembly - System.Diagnostics.StackTrace.dll
Dependency assembly - System.Security.Cryptography.Csp.dll
Dependency assembly - System.Runtime.Serialization.dll
Dependency assembly - System.Web.Razor.dll
Dependency assembly - System.IdentityModel.Selectors.dll
Dependency assembly - System.Linq.Queryable.dll
Dependency assembly - System.Reflection.DispatchProxy.dll
Dependency assembly - System.Net.Sockets.dll
Dependency assembly - System.ServiceModel.Internals.dll
Dependency assembly - System.Data.Linq.dll
Dependency assembly - System.Transactions.dll
Dependency assembly - Mono.Cairo.dll
Dependency assembly - System.ServiceModel.NetTcp.dll
Dependency assembly - System.Threading.Overlapped.dll
Dependency assembly - Mono.Data.Sqlite.dll
Dependency assembly - System.Resources.ResourceManager.dll
Dependency assembly - System.Data.Entity.dll
Dependency assembly - System.IO.FileSystem.Primitives.dll
Dependency assembly - WindowsBase.dll
Dependency assembly - System.Globalization.Extensions.dll
Dependency assembly - System.Net.Utilities.dll
Dependency assembly - System.Buffers.dll
Dependency assembly - System.Security.Cryptography.OpenSsl.dll
Dependency assembly - System.Xml.dll
Dependency assembly - System.ServiceProcess.ServiceController.dll
Dependency assembly - System.Globalization.Calendars.dll
Dependency assembly - System.Security.Cryptography.Cng.dll
Dependency assembly - System.ValueTuple.dll
Dependency assembly - System.Web.RegularExpressions.dll
Dependency assembly - System.Management.dll
Dependency assembly - System.Collections.Specialized.dll
Dependency assembly - System.Diagnostics.TextWriterTraceListener.dll
Dependency assembly - System.ComponentModel.Annotations.dll
Dependency assembly - System.Security.Cryptography.ProtectedData.dll
Dependency assembly - System.Text.Encoding.CodePages.dll
Dependency assembly - System.IO.FileSystem.DriveInfo.dll
Dependency assembly - System.Threading.Tasks.Dataflow.dll
Dependency assembly - System.Xml.XDocument.dll
Dependency assembly - System.Net.Ping.dll
Dependency assembly - System.Net.NetworkInformation.dll
Dependency assembly - Microsoft.Web.Infrastructure.dll
Dependency assembly - Mono.CSharp.dll
Dependency assembly - System.Security.dll
Dependency assembly - System.Text.RegularExpressions.dll
Dependency assembly - System.Net.dll
Dependency assembly - System.Threading.Tasks.dll
Dependency assembly - System.Workflow.Runtime.dll
Dependency assembly - Mono.Security.dll
Dependency assembly - System.IO.Compression.ZipFile.dll
Dependency assembly - System.Web.WebPages.Razor.dll
Dependency assembly - System.Data.Services.dll
Dependency assembly - System.Net.Security.dll
Dependency assembly - System.Runtime.Serialization.Formatters.dll
Dependency assembly - System.Threading.Tasks.Parallel.dll
Dependency assembly - Novell.Directory.Ldap.dll
Dependency assembly - Accessibility.dll
Dependency assembly - I18N.CJK.dll
Dependency assembly - System.Web.Routing.dll
Dependency assembly - System.ServiceModel.Web.dll
Dependency assembly - System.Xml.ReaderWriter.dll
Dependency assembly - System.ServiceModel.Discovery.dll
Dependency assembly - System.ComponentModel.Composition.dll
Dependency assembly - System.Numerics.dll
Dependency assembly - System.Text.Encoding.Extensions.dll
Dependency assembly - System.IO.Compression.FileSystem.dll
Dependency assembly - Microsoft.Win32.Registry.AccessControl.dll
Dependency assembly - Mono.Profiler.Log.dll
Dependency assembly - System.Reactive.Interfaces.dll
Dependency assembly - System.Xml.Serialization.dll
Dependency assembly - System.Web.Extensions.Design.dll
Dependency assembly - System.Reflection.Primitives.dll
Dependency assembly - System.Xml.XmlSerializer.dll
Dependency assembly - System.IO.MemoryMappedFiles.dll
Dependency assembly - System.Net.WebSockets.dll
Dependency assembly - System.ServiceModel.Duplex.dll
Dependency assembly - System.IO.dll
Dependency assembly - System.IO.UnmanagedMemoryStream.dll
Dependency assembly - System.Net.HttpListener.dll
Dependency assembly - System.Reflection.Emit.Lightweight.dll
Dependency assembly - Microsoft.CSharp.dll
Dependency assembly - Microsoft.Build.dll
Dependency assembly - System.IdentityModel.dll
Dependency assembly - Mono.Options.dll
Dependency assembly - Mono.Messaging.dll
Dependency assembly - System.Dynamic.dll
Dependency assembly - System.Net.Http.dll
Dependency assembly - System.Collections.NonGeneric.dll
Dependency assembly - System.Security.Cryptography.Pkcs.dll
Dependency assembly - CustomMarshalers.dll
Dependency assembly - System.Xml.XPath.XmlDocument.dll
Dependency assembly - System.Web.Http.dll
Dependency assembly - System.Threading.Tasks.Extensions.dll
Dependency assembly - Mono.Data.Tds.dll
Dependency assembly - System.IO.IsolatedStorage.dll
Dependency assembly - System.ServiceModel.dll
Dependency assembly - cscompmgd.dll
Dependency assembly - System.Security.Cryptography.Encryption.Aes.dll
Dependency assembly - mscorlib.dll
Dependency assembly - System.Linq.Expressions.dll
Dependency assembly - System.DirectoryServices.dll
Dependency assembly - System.ComponentModel.TypeConverter.dll
Dependency assembly - System.Runtime.DurableInstancing.dll
Dependency assembly - SMDiagnostics.dll
Dependency assembly - System.Runtime.InteropServices.WindowsRuntime.dll
Dependency assembly - System.Security.Cryptography.Algorithms.dll
Dependency assembly - System.Security.AccessControl.dll
Dependency assembly - System.Runtime.Caching.dll
Dependency assembly - System.ComponentModel.Primitives.dll
Dependency assembly - System.Diagnostics.Contracts.dll
Dependency assembly - System.Runtime.Serialization.Primitives.dll
Dependency assembly - System.Security.Cryptography.RSA.dll
Dependency assembly - System.Reactive.Linq.dll
Dependency assembly - System.Reactive.Core.dll
Dependency assembly - System.Reactive.Windows.Forms.dll
Dependency assembly - System.Security.Cryptography.DeriveBytes.dll
Dependency assembly - Commons.Xml.Relaxng.dll
Dependency assembly - System.Json.dll
Dependency assembly - System.Xml.XPath.dll
Dependency assembly - System.ServiceModel.Security.dll
Dependency assembly - System.Security.Cryptography.Encoding.dll
Dependency assembly - System.Text.Encoding.dll
Dependency assembly - System.Runtime.InteropServices.dll
Dependency assembly - System.Security.Principal.dll
Dependency assembly - System.Threading.ThreadPool.dll
Dependency assembly - System.Runtime.Serialization.Json.dll
Dependency assembly - I18N.MidEast.dll
Dependency assembly - System.Diagnostics.FileVersionInfo.dll
Dependency assembly - System.Security.Cryptography.Hashing.Algorithms.dll
Dependency assembly - System.Workflow.Activities.dll
Dependency assembly - System.AppContext.dll
Dependency assembly - Microsoft.VisualC.dll
Dependency assembly - System.Collections.dll
Dependency assembly - System.Web.Services.dll
Dependency assembly - Mono.CompilerServices.SymbolWriter.dll
Dependency assembly - System.Drawing.Primitives.dll
Dependency assembly - System.Runtime.dll
Dependency assembly - System.Net.Http.Rtc.dll
Dependency assembly - System.Reactive.Debugger.dll
Dependency assembly - System.Web.ApplicationServices.dll
Dependency assembly - monodoc.dll
Dependency assembly - Microsoft.Build.Framework.dll
Dependency assembly - System.Resources.ReaderWriter.dll
Dependency assembly - System.Reflection.dll
Dependency assembly - System.ServiceModel.Http.dll
Dependency assembly - Mono.Management.dll
Dependency assembly - System.Net.Http.Formatting.dll
Dependency assembly - System.Core.dll
Dependency assembly - System.Runtime.Serialization.Xml.dll
Dependency assembly - System.Security.Cryptography.Encryption.ECDsa.dll
Dependency assembly - System.Design.dll
Dependency assembly - System.Web.WebPages.Deployment.dll
Dependency assembly - System.IO.FileSystem.dll
Dependency assembly - Mono.Simd.dll
Dependency assembly - System.ServiceModel.Routing.dll
Dependency assembly - System.Collections.Concurrent.dll
Dependency assembly - System.Runtime.CompilerServices.VisualC.dll
Dependency assembly - Microsoft.Build.Utilities.v4.0.dll
Dependency assembly - System.Net.NameResolution.dll
Dependency assembly - System.ServiceModel.Primitives.dll
Dependency assembly - Mono.Http.dll
Dependency assembly - System.ComponentModel.DataAnnotations.dll
Dependency assembly - IBM.Data.DB2.dll
Dependency assembly - System.Net.Cache.dll
Dependency assembly - System.Runtime.Extensions.dll
Dependency assembly - System.Net.Requests.dll

Opening scene 'Assets/Scenes/OldPort.unity'
Unloading 2 Unused Serialized files (Serialized files now loaded: 0)
Loaded scene 'Assets/Scenes/OldPort.unity'
	Deserialize:            0.428 ms
	Integration:            2.306 ms
	Integration of assets:  0.001 ms
	Thread Wait Time:       0.008 ms
	Total Operation Time:   2.743 ms
Unloading 32 unused Assets / (1.2 MB). Loaded Objects now: 705.
Memory consumption went from 96.6 MB to 95.4 MB.
Total: 2.949500 ms (FindLiveObjects: 0.025100 ms CreateObjectMapping: 0.004700 ms MarkObjects: 2.670900 ms  DeleteObjects: 0.248200 ms)

Created GICache directory at ~/AppData/LocalLow/Unity/Caches/GiCache. Took: 0.007s, timestamps: [6.900 - 6.907]
Total cache size 200068508
Total cache size after purge 200068508, took 00:00:00.0907482
Unloading 31 Unused Serialized files (Serialized files now loaded: 0)
Unloading 57 unused Assets / (1.2 MB). Loaded Objects now: 709.
Memory consumption went from 100.3 MB to 99.1 MB.
Total: 3.027700 ms (FindLiveObjects: 0.025300 ms CreateObjectMapping: 0.004500 ms MarkObjects: 2.747700 ms  DeleteObjects: 0.249800 ms)

Unloading 0 Unused Serialized files (Serialized files now loaded: 0)
Unloading 0 unused Assets / (0 B). Loaded Objects now: 709.
Memory consumption went from 99.1 MB to 99.1 MB.
Total: 2.614200 ms (FindLiveObjects: 0.025600 ms CreateObjectMapping: 0.003400 ms MarkObjects: 2.581600 ms  DeleteObjects: 0.002600 ms)

Unloading 1 Unused Serialized files (Serialized files now loaded: 0)
Unloading 191 unused Assets / (151.0 MB). Loaded Objects now: 709.
Memory consumption went from 247.8 MB to 96.8 MB.
Total: 13.652600 ms (FindLiveObjects: 0.027400 ms CreateObjectMapping: 0.006400 ms MarkObjects: 2.872900 ms  DeleteObjects: 10.745500 ms)

Compiling shader "Sprites/Default"
  Pass "" (vp)
    Target graphics API: d3d11
    Full variant space:         8
    After settings filtering:   8
    After built-in stripping:   4
    After scriptable stripping: 4
    Processed in 0.01 seconds
  Pass "" (fp)
    Target graphics API: d3d11
    Full variant space:         8
    After settings filtering:   8
    After built-in stripping:   4
    After scriptable stripping: 4
    Processed in 0.00 seconds
  Pass  (vp, d3d11) finished in 0.00 seconds. Local cache hits 4 (0.00s CPU time), remote cache hits 0 (0.00s CPU time), compiled 0 variants (0.00s CPU time), skipped 0 variants.
    Prepared data for serialisation in 0.00s
  Pass  (fp, d3d11) finished in 0.00 seconds. Local cache hits 4 (0.00s CPU time), remote cache hits 0 (0.00s CPU time), compiled 0 variants (0.00s CPU time), skipped 0 variants.
    Prepared data for serialisation in 0.00s
Serialized binary data for shader Sprites/Default in 0.00s
    d3d11 (total internal programs: 8, unique: 8)
Compiling shader "Legacy Shaders/VertexLit"
  Pass "" (vp)
    Target graphics API: d3d11
    Full variant space:         12
    After settings filtering:   12
    After built-in stripping:   3
    After scriptable stripping: 3
    Processed in 0.00 seconds
  Pass "" (fp)
    Target graphics API: d3d11
    Full variant space:         12
    After settings filtering:   12
    After built-in stripping:   3
    After scriptable stripping: 3
    Processed in 0.00 seconds
  Pass "" (vp)
    Target graphics API: d3d11
    Full variant space:         4
    After settings filtering:   4
    After built-in stripping:   1
    After scriptable stripping: 1
    Processed in 0.00 seconds
  Pass "" (fp)
    Target graphics API: d3d11
    Full variant space:         4
    After settings filtering:   4
    After built-in stripping:   1
    After scriptable stripping: 1
    Processed in 0.00 seconds
  Pass "ShadowCaster" (vp)
    Target graphics API: d3d11
    Full variant space:         4
    After settings filtering:   4
    After built-in stripping:   2
    After scriptable stripping: 2
    Processed in 0.00 seconds
  Pass "ShadowCaster" (fp)
    Target graphics API: d3d11
    Full variant space:         4
    After settings filtering:   4
    After built-in stripping:   2
    After scriptable stripping: 2
    Processed in 0.00 seconds
  Pass  (vp, d3d11) finished in 0.00 seconds. Local cache hits 3 (0.00s CPU time), remote cache hits 0 (0.00s CPU time), compiled 0 variants (0.00s CPU time), skipped 0 variants.
    Prepared data for serialisation in 0.00s
  Pass  (fp, d3d11) finished in 0.00 seconds. Local cache hits 3 (0.00s CPU time), remote cache hits 0 (0.00s CPU time), compiled 0 variants (0.00s CPU time), skipped 0 variants.
    Prepared data for serialisation in 0.00s
  Pass  (vp, d3d11) finished in 0.00 seconds. Local cache hits 1 (0.00s CPU time), remote cache hits 0 (0.00s CPU time), compiled 0 variants (0.00s CPU time), skipped 0 variants.
    Prepared data for serialisation in 0.00s
  Pass  (fp, d3d11) finished in 0.00 seconds. Local cache hits 1 (0.00s CPU time), remote cache hits 0 (0.00s CPU time), compiled 0 variants (0.00s CPU time), skipped 0 variants.
    Prepared data for serialisation in 0.00s
  Pass ShadowCaster (vp, d3d11) finished in 0.00 seconds. Local cache hits 2 (0.00s CPU time), remote cache hits 0 (0.00s CPU time), compiled 0 variants (0.00s CPU time), skipped 0 variants.
    Prepared data for serialisation in 0.00s
  Pass ShadowCaster (fp, d3d11) finished in 0.00 seconds. Local cache hits 2 (0.00s CPU time), remote cache hits 0 (0.00s CPU time), compiled 0 variants (0.00s CPU time), skipped 0 variants.
    Prepared data for serialisation in 0.00s
Serialized binary data for shader Legacy Shaders/VertexLit in 0.00s
    d3d11 (total internal programs: 12, unique: 12)
Compiling shader "Legacy Shaders/Diffuse"
  Pass "FORWARD" (vp)
    Target graphics API: d3d11
    Full variant space:         664
    After settings filtering:   664
    After built-in stripping:   8
    After scriptable stripping: 8
    Processed in 0.00 seconds
  Pass "FORWARD" (fp)
    Target graphics API: d3d11
    Full variant space:         504
    After settings filtering:   504
    After built-in stripping:   4
    After scriptable stripping: 4
    Processed in 0.00 seconds
  Pass "FORWARD" (vp)
    Target graphics API: d3d11
    Full variant space:         20
    After settings filtering:   20
    After built-in stripping:   5
    After scriptable stripping: 5
    Processed in 0.00 seconds
  Pass "FORWARD" (fp)
    Target graphics API: d3d11
    Full variant space:         20
    After settings filtering:   20
    After built-in stripping:   5
    After scriptable stripping: 5
    Processed in 0.00 seconds
  Pass "DEFERRED" (vp)
    Target graphics API: d3d11
    Full variant space:         76
    After settings filtering:   76
    After built-in stripping:   4
    After scriptable stripping: 4
    Processed in 0.00 seconds
  Pass "DEFERRED" (fp)
    Target graphics API: d3d11
    Full variant space:         76
    After settings filtering:   76
    After built-in stripping:   4
    After scriptable stripping: 4
    Processed in 0.00 seconds
  Pass FORWARD (vp, d3d11) finished in 0.00 seconds. Local cache hits 8 (0.00s CPU time), remote cache hits 0 (0.00s CPU time), compiled 0 variants (0.00s CPU time), skipped 0 variants.
    Prepared data for serialisation in 0.00s
  Pass FORWARD (fp, d3d11) finished in 0.00 seconds. Local cache hits 4 (0.00s CPU time), remote cache hits 0 (0.00s CPU time), compiled 0 variants (0.00s CPU time), skipped 0 variants.
    Prepared data for serialisation in 0.00s
  Pass FORWARD (vp, d3d11) finished in 0.00 seconds. Local cache hits 5 (0.00s CPU time), remote cache hits 0 (0.00s CPU time), compiled 0 variants (0.00s CPU time), skipped 0 variants.
    Prepared data for serialisation in 0.00s
  Pass FORWARD (fp, d3d11) finished in 0.00 seconds. Local cache hits 5 (0.00s CPU time), remote cache hits 0 (0.00s CPU time), compiled 0 variants (0.00s CPU time), skipped 0 variants.
    Prepared data for serialisation in 0.00s
  Pass DEFERRED (vp, d3d11) finished in 0.00 seconds. Local cache hits 4 (0.00s CPU time), remote cache hits 0 (0.00s CPU time), compiled 0 variants (0.00s CPU time), skipped 0 variants.
    Prepared data for serialisation in 0.00s
  Pass DEFERRED (fp, d3d11) finished in 0.00 seconds. Local cache hits 4 (0.00s CPU time), remote cache hits 0 (0.00s CPU time), compiled 0 variants (0.00s CPU time), skipped 0 variants.
    Prepared data for serialisation in 0.00s
Serialized binary data for shader Legacy Shaders/Diffuse in 0.00s
    d3d11 (total internal programs: 30, unique: 30)
Compiling shader "Standard"
  Pass "FORWARD" (vp)
    Target graphics API: d3d11
    Full variant space:         664
    After settings filtering:   664
    After built-in stripping:   8
    After scriptable stripping: 8
    Processed in 0.00 seconds
  Pass "FORWARD" (fp)
    Target graphics API: d3d11
    Full variant space:         1.008
    After settings filtering:   1.008
    After built-in stripping:   8
    After scriptable stripping: 8
    Processed in 0.00 seconds
  Pass "FORWARD_DELTA" (vp)
    Target graphics API: d3d11
    Full variant space:         188
    After settings filtering:   188
    After built-in stripping:   13
    After scriptable stripping: 13
    Processed in 0.00 seconds
  Pass "FORWARD_DELTA" (fp)
    Target graphics API: d3d11
    Full variant space:         188
    After settings filtering:   188
    After built-in stripping:   13
    After scriptable stripping: 13
    Processed in 0.00 seconds
  Pass "ShadowCaster" (vp)
    Target graphics API: d3d11
    Full variant space:         4
    After settings filtering:   4
    After built-in stripping:   2
    After scriptable stripping: 2
    Processed in 0.00 seconds
  Pass "ShadowCaster" (fp)
    Target graphics API: d3d11
    Full variant space:         4
    After settings filtering:   4
    After built-in stripping:   2
    After scriptable stripping: 2
    Processed in 0.00 seconds
  Pass "DEFERRED" (vp)
    Target graphics API: d3d11
    Full variant space:         76
    After settings filtering:   76
    After built-in stripping:   4
    After scriptable stripping: 4
    Processed in 0.00 seconds
  Pass "DEFERRED" (fp)
    Target graphics API: d3d11
    Full variant space:         152
    After settings filtering:   152
    After built-in stripping:   8
    After scriptable stripping: 8
    Processed in 0.00 seconds
  Pass "FORWARD" (vp)
    Target graphics API: d3d11
    Full variant space:         208
    After settings filtering:   208
    After built-in stripping:   8
    After scriptable stripping: 8
    Processed in 0.00 seconds
  Pass "FORWARD" (fp)
    Target graphics API: d3d11
    Full variant space:         296
    After settings filtering:   296
    After built-in stripping:   8
    After scriptable stripping: 8
    Processed in 0.00 seconds
  Pass "FORWARD_DELTA" (vp)
    Target graphics API: d3d11
    Full variant space:         140
    After settings filtering:   140
    After built-in stripping:   10
    After scriptable stripping: 10
    Processed in 0.00 seconds
  Pass "FORWARD_DELTA" (fp)
    Target graphics API: d3d11
    Full variant space:         140
    After settings filtering:   140
    After built-in stripping:   10
    After scriptable stripping: 10
    Processed in 0.00 seconds
  Pass "ShadowCaster" (vp)
    Target graphics API: d3d11
    Full variant space:         2
    After settings filtering:   2
    After built-in stripping:   2
    After scriptable stripping: 2
    Processed in 0.00 seconds
  Pass "ShadowCaster" (fp)
    Target graphics API: d3d11
    Full variant space:         2
    After settings filtering:   2
    After built-in stripping:   2
    After scriptable stripping: 2
    Processed in 0.00 seconds
  Pass FORWARD (vp, d3d11) finished in 0.00 seconds. Local cache hits 8 (0.00s CPU time), remote cache hits 0 (0.00s CPU time), compiled 0 variants (0.00s CPU time), skipped 0 variants.
    Prepared data for serialisation in 0.00s
  Pass FORWARD (fp, d3d11) finished in 0.00 seconds. Local cache hits 8 (0.00s CPU time), remote cache hits 0 (0.00s CPU time), compiled 0 variants (0.00s CPU time), skipped 0 variants.
    Prepared data for serialisation in 0.00s
  Pass FORWARD_DELTA (vp, d3d11) finished in 0.00 seconds. Local cache hits 13 (0.00s CPU time), remote cache hits 0 (0.00s CPU time), compiled 0 variants (0.00s CPU time), skipped 0 variants.
    Prepared data for serialisation in 0.00s
  Pass FORWARD_DELTA (fp, d3d11) finished in 0.00 seconds. Local cache hits 13 (0.00s CPU time), remote cache hits 0 (0.00s CPU time), compiled 0 variants (0.00s CPU time), skipped 0 variants.
    Prepared data for serialisation in 0.00s
  Pass ShadowCaster (vp, d3d11) finished in 0.00 seconds. Local cache hits 2 (0.00s CPU time), remote cache hits 0 (0.00s CPU time), compiled 0 variants (0.00s CPU time), skipped 0 variants.
    Prepared data for serialisation in 0.00s
  Pass ShadowCaster (fp, d3d11) finished in 0.00 seconds. Local cache hits 2 (0.00s CPU time), remote cache hits 0 (0.00s CPU time), compiled 0 variants (0.00s CPU time), skipped 0 variants.
    Prepared data for serialisation in 0.00s
  Pass DEFERRED (vp, d3d11) finished in 0.00 seconds. Local cache hits 4 (0.00s CPU time), remote cache hits 0 (0.00s CPU time), compiled 0 variants (0.00s CPU time), skipped 0 variants.
    Prepared data for serialisation in 0.00s
  Pass DEFERRED (fp, d3d11) finished in 0.00 seconds. Local cache hits 8 (0.00s CPU time), remote cache hits 0 (0.00s CPU time), compiled 0 variants (0.00s CPU time), skipped 0 variants.
    Prepared data for serialisation in 0.00s
  Pass FORWARD (vp, d3d11) finished in 0.00 seconds. Local cache hits 8 (0.00s CPU time), remote cache hits 0 (0.00s CPU time), compiled 0 variants (0.00s CPU time), skipped 0 variants.
    Prepared data for serialisation in 0.00s
  Pass FORWARD (fp, d3d11) finished in 0.00 seconds. Local cache hits 8 (0.00s CPU time), remote cache hits 0 (0.00s CPU time), compiled 0 variants (0.00s CPU time), skipped 0 variants.
    Prepared data for serialisation in 0.00s
  Pass FORWARD_DELTA (vp, d3d11) finished in 0.00 seconds. Local cache hits 10 (0.00s CPU time), remote cache hits 0 (0.00s CPU time), compiled 0 variants (0.00s CPU time), skipped 0 variants.
    Prepared data for serialisation in 0.00s
  Pass FORWARD_DELTA (fp, d3d11) finished in 0.00 seconds. Local cache hits 10 (0.00s CPU time), remote cache hits 0 (0.00s CPU time), compiled 0 variants (0.00s CPU time), skipped 0 variants.
    Prepared data for serialisation in 0.00s
  Pass ShadowCaster (vp, d3d11) finished in 0.00 seconds. Local cache hits 2 (0.00s CPU time), remote cache hits 0 (0.00s CPU time), compiled 0 variants (0.00s CPU time), skipped 0 variants.
    Prepared data for serialisation in 0.00s
  Pass ShadowCaster (fp, d3d11) finished in 0.00 seconds. Local cache hits 2 (0.00s CPU time), remote cache hits 0 (0.00s CPU time), compiled 0 variants (0.00s CPU time), skipped 0 variants.
    Prepared data for serialisation in 0.00s
Serialized binary data for shader Standard in 0.00s
    d3d11 (total internal programs: 98, unique: 82)
Compiling shader "Funstra/PortArchitecture"
  Pass "FORWARD" (vp)
    Target graphics API: d3d11
    Full variant space:         664
    After settings filtering:   664
    After built-in stripping:   8
    After scriptable stripping: 8
    Processed in 0.00 seconds
  Pass "FORWARD" (fp)
    Target graphics API: d3d11
    Full variant space:         504
    After settings filtering:   504
    After built-in stripping:   4
    After scriptable stripping: 4
    Processed in 0.00 seconds
  Pass "FORWARD" (vp)
    Target graphics API: d3d11
    Full variant space:         188
    After settings filtering:   188
    After built-in stripping:   13
    After scriptable stripping: 13
    Processed in 0.00 seconds
  Pass "FORWARD" (fp)
    Target graphics API: d3d11
    Full variant space:         188
    After settings filtering:   188
    After built-in stripping:   13
    After scriptable stripping: 13
    Processed in 0.00 seconds
  Pass "DEFERRED" (vp)
    Target graphics API: d3d11
    Full variant space:         76
    After settings filtering:   76
    After built-in stripping:   4
    After scriptable stripping: 4
    Processed in 0.00 seconds
  Pass "DEFERRED" (fp)
    Target graphics API: d3d11
    Full variant space:         76
    After settings filtering:   76
    After built-in stripping:   4
    After scriptable stripping: 4
    Processed in 0.00 seconds
  Pass "ShadowCaster" (vp)
    Target graphics API: d3d11
    Full variant space:         4
    After settings filtering:   4
    After built-in stripping:   2
    After scriptable stripping: 2
    Processed in 0.00 seconds
  Pass "ShadowCaster" (fp)
    Target graphics API: d3d11
    Full variant space:         4
    After settings filtering:   4
    After built-in stripping:   2
    After scriptable stripping: 2
    Processed in 0.00 seconds
  Pass FORWARD (vp, d3d11) finished in 0.00 seconds. Local cache hits 8 (0.00s CPU time), remote cache hits 0 (0.00s CPU time), compiled 0 variants (0.00s CPU time), skipped 0 variants.
    Prepared data for serialisation in 0.00s
  Pass FORWARD (fp, d3d11) finished in 0.00 seconds. Local cache hits 4 (0.00s CPU time), remote cache hits 0 (0.00s CPU time), compiled 0 variants (0.00s CPU time), skipped 0 variants.
    Prepared data for serialisation in 0.00s
  Pass FORWARD (vp, d3d11) finished in 0.00 seconds. Local cache hits 13 (0.00s CPU time), remote cache hits 0 (0.00s CPU time), compiled 0 variants (0.00s CPU time), skipped 0 variants.
    Prepared data for serialisation in 0.00s
  Pass FORWARD (fp, d3d11) finished in 0.00 seconds. Local cache hits 13 (0.00s CPU time), remote cache hits 0 (0.00s CPU time), compiled 0 variants (0.00s CPU time), skipped 0 variants.
    Prepared data for serialisation in 0.00s
  Pass DEFERRED (vp, d3d11) finished in 0.00 seconds. Local cache hits 4 (0.00s CPU time), remote cache hits 0 (0.00s CPU time), compiled 0 variants (0.00s CPU time), skipped 0 variants.
    Prepared data for serialisation in 0.00s
  Pass DEFERRED (fp, d3d11) finished in 0.00 seconds. Local cache hits 4 (0.00s CPU time), remote cache hits 0 (0.00s CPU time), compiled 0 variants (0.00s CPU time), skipped 0 variants.
    Prepared data for serialisation in 0.00s
  Pass ShadowCaster (vp, d3d11) finished in 0.00 seconds. Local cache hits 2 (0.00s CPU time), remote cache hits 0 (0.00s CPU time), compiled 0 variants (0.00s CPU time), skipped 0 variants.
    Prepared data for serialisation in 0.00s
  Pass ShadowCaster (fp, d3d11) finished in 0.00 seconds. Local cache hits 2 (0.00s CPU time), remote cache hits 0 (0.00s CPU time), compiled 0 variants (0.00s CPU time), skipped 0 variants.
    Prepared data for serialisation in 0.00s
Serialized binary data for shader Funstra/PortArchitecture in 0.00s
    d3d11 (total internal programs: 50, unique: 50)
Compiling shader "Funstra/PortSurface"
  Pass "FORWARD" (vp)
    Target graphics API: d3d11
    Full variant space:         664
    After settings filtering:   664
    After built-in stripping:   8
    After scriptable stripping: 8
    Processed in 0.00 seconds
  Pass "FORWARD" (fp)
    Target graphics API: d3d11
    Full variant space:         504
    After settings filtering:   504
    After built-in stripping:   4
    After scriptable stripping: 4
    Processed in 0.00 seconds
  Pass "FORWARD" (vp)
    Target graphics API: d3d11
    Full variant space:         188
    After settings filtering:   188
    After built-in stripping:   13
    After scriptable stripping: 13
    Processed in 0.00 seconds
  Pass "FORWARD" (fp)
    Target graphics API: d3d11
    Full variant space:         188
    After settings filtering:   188
    After built-in stripping:   13
    After scriptable stripping: 13
    Processed in 0.00 seconds
  Pass "DEFERRED" (vp)
    Target graphics API: d3d11
    Full variant space:         76
    After settings filtering:   76
    After built-in stripping:   4
    After scriptable stripping: 4
    Processed in 0.00 seconds
  Pass "DEFERRED" (fp)
    Target graphics API: d3d11
    Full variant space:         76
    After settings filtering:   76
    After built-in stripping:   4
    After scriptable stripping: 4
    Processed in 0.00 seconds
  Pass "ShadowCaster" (vp)
    Target graphics API: d3d11
    Full variant space:         4
    After settings filtering:   4
    After built-in stripping:   2
    After scriptable stripping: 2
    Processed in 0.00 seconds
  Pass "ShadowCaster" (fp)
    Target graphics API: d3d11
    Full variant space:         4
    After settings filtering:   4
    After built-in stripping:   2
    After scriptable stripping: 2
    Processed in 0.00 seconds
  Pass FORWARD (vp, d3d11) finished in 0.00 seconds. Local cache hits 8 (0.00s CPU time), remote cache hits 0 (0.00s CPU time), compiled 0 variants (0.00s CPU time), skipped 0 variants.
    Prepared data for serialisation in 0.00s
  Pass FORWARD (fp, d3d11) finished in 0.00 seconds. Local cache hits 4 (0.00s CPU time), remote cache hits 0 (0.00s CPU time), compiled 0 variants (0.00s CPU time), skipped 0 variants.
    Prepared data for serialisation in 0.00s
  Pass FORWARD (vp, d3d11) finished in 0.00 seconds. Local cache hits 13 (0.00s CPU time), remote cache hits 0 (0.00s CPU time), compiled 0 variants (0.00s CPU time), skipped 0 variants.
    Prepared data for serialisation in 0.00s
  Pass FORWARD (fp, d3d11) finished in 0.00 seconds. Local cache hits 13 (0.00s CPU time), remote cache hits 0 (0.00s CPU time), compiled 0 variants (0.00s CPU time), skipped 0 variants.
    Prepared data for serialisation in 0.00s
  Pass DEFERRED (vp, d3d11) finished in 0.00 seconds. Local cache hits 4 (0.00s CPU time), remote cache hits 0 (0.00s CPU time), compiled 0 variants (0.00s CPU time), skipped 0 variants.
    Prepared data for serialisation in 0.00s
  Pass DEFERRED (fp, d3d11) finished in 0.00 seconds. Local cache hits 4 (0.00s CPU time), remote cache hits 0 (0.00s CPU time), compiled 0 variants (0.00s CPU time), skipped 0 variants.
    Prepared data for serialisation in 0.00s
  Pass ShadowCaster (vp, d3d11) finished in 0.00 seconds. Local cache hits 2 (0.00s CPU time), remote cache hits 0 (0.00s CPU time), compiled 0 variants (0.00s CPU time), skipped 0 variants.
    Prepared data for serialisation in 0.00s
  Pass ShadowCaster (fp, d3d11) finished in 0.00 seconds. Local cache hits 2 (0.00s CPU time), remote cache hits 0 (0.00s CPU time), compiled 0 variants (0.00s CPU time), skipped 0 variants.
    Prepared data for serialisation in 0.00s
Serialized binary data for shader Funstra/PortSurface in 0.00s
    d3d11 (total internal programs: 50, unique: 50)
Compiling shader "Skybox/Procedural"
  Pass "" (vp)
    Target graphics API: d3d11
    Full variant space:         3
    After settings filtering:   3
    After built-in stripping:   3
    After scriptable stripping: 3
    Processed in 0.00 seconds
  Pass "" (fp)
    Target graphics API: d3d11
    Full variant space:         3
    After settings filtering:   3
    After built-in stripping:   3
    After scriptable stripping: 3
    Processed in 0.00 seconds
  Pass  (vp, d3d11) finished in 0.00 seconds. Local cache hits 3 (0.00s CPU time), remote cache hits 0 (0.00s CPU time), compiled 0 variants (0.00s CPU time), skipped 0 variants.
    Prepared data for serialisation in 0.00s
  Pass  (fp, d3d11) finished in 0.00 seconds. Local cache hits 3 (0.00s CPU time), remote cache hits 0 (0.00s CPU time), compiled 0 variants (0.00s CPU time), skipped 0 variants.
    Prepared data for serialisation in 0.00s
Serialized binary data for shader Skybox/Procedural in 0.00s
    d3d11 (total internal programs: 6, unique: 6)
Compiling shader "Hidden/Internal-StencilWrite"
  Pass "" (vp)
    Target graphics API: d3d11
    Full variant space:         1
    After settings filtering:   1
    After built-in stripping:   1
    After scriptable stripping: 1
    Processed in 0.00 seconds
  Pass "" (fp)
    Target graphics API: d3d11
    Full variant space:         1
    After settings filtering:   1
    After built-in stripping:   1
    After scriptable stripping: 1
    Processed in 0.00 seconds
  Pass  (vp, d3d11) finished in 0.00 seconds. Local cache hits 1 (0.00s CPU time), remote cache hits 0 (0.00s CPU time), compiled 0 variants (0.00s CPU time), skipped 0 variants.
    Prepared data for serialisation in 0.00s
  Pass  (fp, d3d11) finished in 0.00 seconds. Local cache hits 1 (0.00s CPU time), remote cache hits 0 (0.00s CPU time), compiled 0 variants (0.00s CPU time), skipped 0 variants.
    Prepared data for serialisation in 0.00s
Serialized binary data for shader Hidden/Internal-StencilWrite in 0.00s
    d3d11 (total internal programs: 2, unique: 2)
Compiling shader "Hidden/Internal-DepthNormalsTexture"
  Pass "" (vp)
    Target graphics API: d3d11
    Full variant space:         1
    After settings filtering:   1
    After built-in stripping:   1
    After scriptable stripping: 1
    Processed in 0.00 seconds
  Pass "" (fp)
    Target graphics API: d3d11
    Full variant space:         1
    After settings filtering:   1
    After built-in stripping:   1
    After scriptable stripping: 1
    Processed in 0.00 seconds
  Pass "" (vp)
    Target graphics API: d3d11
    Full variant space:         1
    After settings filtering:   1
    After built-in stripping:   1
    After scriptable stripping: 1
    Processed in 0.00 seconds
  Pass "" (fp)
    Target graphics API: d3d11
    Full variant space:         1
    After settings filtering:   1
    After built-in stripping:   1
    After scriptable stripping: 1
    Processed in 0.00 seconds
  Pass "" (vp)
    Target graphics API: d3d11
    Full variant space:         1
    After settings filtering:   1
    After built-in stripping:   1
    After scriptable stripping: 1
    Processed in 0.00 seconds
  Pass "" (fp)
    Target graphics API: d3d11
    Full variant space:         1
    After settings filtering:   1
    After built-in stripping:   1
    After scriptable stripping: 1
    Processed in 0.00 seconds
  Pass "" (vp)
    Target graphics API: d3d11
    Full variant space:         1
    After settings filtering:   1
    After built-in stripping:   1
    After scriptable stripping: 1
    Processed in 0.00 seconds
  Pass "" (fp)
    Target graphics API: d3d11
    Full variant space:         1
    After settings filtering:   1
    After built-in stripping:   1
    After scriptable stripping: 1
    Processed in 0.00 seconds
  Pass "" (vp)
    Target graphics API: d3d11
    Full variant space:         1
    After settings filtering:   1
    After built-in stripping:   1
    After scriptable stripping: 1
    Processed in 0.00 seconds
  Pass "" (fp)
    Target graphics API: d3d11
    Full variant space:         1
    After settings filtering:   1
    After built-in stripping:   1
    After scriptable stripping: 1
    Processed in 0.00 seconds
  Pass "" (vp)
    Target graphics API: d3d11
    Full variant space:         1
    After settings filtering:   1
    After built-in stripping:   1
    After scriptable stripping: 1
    Processed in 0.00 seconds
  Pass "" (fp)
    Target graphics API: d3d11
    Full variant space:         1
    After settings filtering:   1
    After built-in stripping:   1
    After scriptable stripping: 1
    Processed in 0.00 seconds
  Pass "" (vp)
    Target graphics API: d3d11
    Full variant space:         1
    After settings filtering:   1
    After built-in stripping:   1
    After scriptable stripping: 1
    Processed in 0.00 seconds
  Pass "" (fp)
    Target graphics API: d3d11
    Full variant space:         1
    After settings filtering:   1
    After built-in stripping:   1
    After scriptable stripping: 1
    Processed in 0.00 seconds
  Pass "" (vp)
    Target graphics API: d3d11
    Full variant space:         1
    After settings filtering:   1
    After built-in stripping:   1
    After scriptable stripping: 1
    Processed in 0.00 seconds
  Pass "" (fp)
    Target graphics API: d3d11
    Full variant space:         1
    After settings filtering:   1
    After built-in stripping:   1
    After scriptable stripping: 1
    Processed in 0.00 seconds
  Pass "" (vp)
    Target graphics API: d3d11
    Full variant space:         1
    After settings filtering:   1
    After built-in stripping:   1
    After scriptable stripping: 1
    Processed in 0.00 seconds
  Pass "" (fp)
    Target graphics API: d3d11
    Full variant space:         1
    After settings filtering:   1
    After built-in stripping:   1
    After scriptable stripping: 1
    Processed in 0.00 seconds
  Pass "" (vp)
    Target graphics API: d3d11
    Full variant space:         1
    After settings filtering:   1
    After built-in stripping:   1
    After scriptable stripping: 1
    Processed in 0.00 seconds
  Pass "" (fp)
    Target graphics API: d3d11
    Full variant space:         1
    After settings filtering:   1
    After built-in stripping:   1
    After scriptable stripping: 1
    Processed in 0.00 seconds
  Pass  (vp, d3d11) finished in 0.00 seconds. Local cache hits 1 (0.00s CPU time), remote cache hits 0 (0.00s CPU time), compiled 0 variants (0.00s CPU time), skipped 0 variants.
    Prepared data for serialisation in 0.00s
  Pass  (fp, d3d11) finished in 0.00 seconds. Local cache hits 1 (0.00s CPU time), remote cache hits 0 (0.00s CPU time), compiled 0 variants (0.00s CPU time), skipped 0 variants.
    Prepared data for serialisation in 0.00s
  Pass  (vp, d3d11) finished in 0.00 seconds. Local cache hits 1 (0.00s CPU time), remote cache hits 0 (0.00s CPU time), compiled 0 variants (0.00s CPU time), skipped 0 variants.
    Prepared data for serialisation in 0.00s
  Pass  (fp, d3d11) finished in 0.00 seconds. Local cache hits 1 (0.00s CPU time), remote cache hits 0 (0.00s CPU time), compiled 0 variants (0.00s CPU time), skipped 0 variants.
    Prepared data for serialisation in 0.00s
  Pass  (vp, d3d11) finished in 0.00 seconds. Local cache hits 1 (0.00s CPU time), remote cache hits 0 (0.00s CPU time), compiled 0 variants (0.00s CPU time), skipped 0 variants.
    Prepared data for serialisation in 0.00s
  Pass  (fp, d3d11) finished in 0.00 seconds. Local cache hits 1 (0.00s CPU time), remote cache hits 0 (0.00s CPU time), compiled 0 variants (0.00s CPU time), skipped 0 variants.
    Prepared data for serialisation in 0.00s
  Pass  (vp, d3d11) finished in 0.00 seconds. Local cache hits 1 (0.00s CPU time), remote cache hits 0 (0.00s CPU time), compiled 0 variants (0.00s CPU time), skipped 0 variants.
    Prepared data for serialisation in 0.00s
  Pass  (fp, d3d11) finished in 0.00 seconds. Local cache hits 1 (0.00s CPU time), remote cache hits 0 (0.00s CPU time), compiled 0 variants (0.00s CPU time), skipped 0 variants.
    Prepared data for serialisation in 0.00s
  Pass  (vp, d3d11) finished in 0.00 seconds. Local cache hits 1 (0.00s CPU time), remote cache hits 0 (0.00s CPU time), compiled 0 variants (0.00s CPU time), skipped 0 variants.
    Prepared data for serialisation in 0.00s
  Pass  (fp, d3d11) finished in 0.00 seconds. Local cache hits 1 (0.00s CPU time), remote cache hits 0 (0.00s CPU time), compiled 0 variants (0.00s CPU time), skipped 0 variants.
    Prepared data for serialisation in 0.00s
  Pass  (vp, d3d11) finished in 0.00 seconds. Local cache hits 1 (0.00s CPU time), remote cache hits 0 (0.00s CPU time), compiled 0 variants (0.00s CPU time), skipped 0 variants.
    Prepared data for serialisation in 0.00s
  Pass  (fp, d3d11) finished in 0.00 seconds. Local cache hits 1 (0.00s CPU time), remote cache hits 0 (0.00s CPU time), compiled 0 variants (0.00s CPU time), skipped 0 variants.
    Prepared data for serialisation in 0.00s
  Pass  (vp, d3d11) finished in 0.00 seconds. Local cache hits 1 (0.00s CPU time), remote cache hits 0 (0.00s CPU time), compiled 0 variants (0.00s CPU time), skipped 0 variants.
    Prepared data for serialisation in 0.00s
  Pass  (fp, d3d11) finished in 0.00 seconds. Local cache hits 1 (0.00s CPU time), remote cache hits 0 (0.00s CPU time), compiled 0 variants (0.00s CPU time), skipped 0 variants.
    Prepared data for serialisation in 0.00s
  Pass  (vp, d3d11) finished in 0.00 seconds. Local cache hits 1 (0.00s CPU time), remote cache hits 0 (0.00s CPU time), compiled 0 variants (0.00s CPU time), skipped 0 variants.
    Prepared data for serialisation in 0.00s
  Pass  (fp, d3d11) finished in 0.00 seconds. Local cache hits 1 (0.00s CPU time), remote cache hits 0 (0.00s CPU time), compiled 0 variants (0.00s CPU time), skipped 0 variants.
    Prepared data for serialisation in 0.00s
  Pass  (vp, d3d11) finished in 0.00 seconds. Local cache hits 1 (0.00s CPU time), remote cache hits 0 (0.00s CPU time), compiled 0 variants (0.00s CPU time), skipped 0 variants.
    Prepared data for serialisation in 0.00s
  Pass  (fp, d3d11) finished in 0.00 seconds. Local cache hits 1 (0.00s CPU time), remote cache hits 0 (0.00s CPU time), compiled 0 variants (0.00s CPU time), skipped 0 variants.
    Prepared data for serialisation in 0.00s
  Pass  (vp, d3d11) finished in 0.00 seconds. Local cache hits 1 (0.00s CPU time), remote cache hits 0 (0.00s CPU time), compiled 0 variants (0.00s CPU time), skipped 0 variants.
    Prepared data for serialisation in 0.00s
  Pass  (fp, d3d11) finished in 0.00 seconds. Local cache hits 1 (0.00s CPU time), remote cache hits 0 (0.00s CPU time), compiled 0 variants (0.00s CPU time), skipped 0 variants.
    Prepared data for serialisation in 0.00s
Serialized binary data for shader Hidden/Internal-DepthNormalsTexture in 0.00s
    d3d11 (total internal programs: 20, unique: 17)
Compiling shader "Hidden/Internal-ScreenSpaceShadows"
  Pass "" (vp)
    Target graphics API: d3d11
    Full variant space:         4
    After settings filtering:   4
    After built-in stripping:   4
    After scriptable stripping: 4
    Processed in 0.00 seconds
  Pass "" (fp)
    Target graphics API: d3d11
    Full variant space:         4
    After settings filtering:   4
    After built-in stripping:   4
    After scriptable stripping: 4
    Processed in 0.00 seconds
  Pass "" (vp)
    Target graphics API: d3d11
    Full variant space:         4
    After settings filtering:   4
    After built-in stripping:   4
    After scriptable stripping: 4
    Processed in 0.00 seconds
  Pass "" (fp)
    Target graphics API: d3d11
    Full variant space:         4
    After settings filtering:   4
    After built-in stripping:   4
    After scriptable stripping: 4
    Processed in 0.00 seconds
  Pass "" (vp)
    Target graphics API: d3d11
    Full variant space:         4
    After settings filtering:   4
    After built-in stripping:   4
    After scriptable stripping: 4
    Processed in 0.00 seconds
  Pass "" (fp)
    Target graphics API: d3d11
    Full variant space:         4
    After settings filtering:   4
    After built-in stripping:   4
    After scriptable stripping: 4
    Processed in 0.00 seconds
  Pass "" (vp)
    Target graphics API: d3d11
    Full variant space:         4
    After settings filtering:   4
    After built-in stripping:   4
    After scriptable stripping: 4
    Processed in 0.00 seconds
  Pass "" (fp)
    Target graphics API: d3d11
    Full variant space:         4
    After settings filtering:   4
    After built-in stripping:   4
    After scriptable stripping: 4
    Processed in 0.00 seconds
  Pass  (vp, d3d11) finished in 0.00 seconds. Local cache hits 4 (0.00s CPU time), remote cache hits 0 (0.00s CPU time), compiled 0 variants (0.00s CPU time), skipped 0 variants.
    Prepared data for serialisation in 0.00s
  Pass  (fp, d3d11) finished in 0.00 seconds. Local cache hits 4 (0.00s CPU time), remote cache hits 0 (0.00s CPU time), compiled 0 variants (0.00s CPU time), skipped 0 variants.
    Prepared data for serialisation in 0.00s
  Pass  (vp, d3d11) finished in 0.00 seconds. Local cache hits 4 (0.00s CPU time), remote cache hits 0 (0.00s CPU time), compiled 0 variants (0.00s CPU time), skipped 0 variants.
    Prepared data for serialisation in 0.00s
  Pass  (fp, d3d11) finished in 0.00 seconds. Local cache hits 4 (0.00s CPU time), remote cache hits 0 (0.00s CPU time), compiled 0 variants (0.00s CPU time), skipped 0 variants.
    Prepared data for serialisation in 0.00s
  Pass  (vp, d3d11) finished in 0.00 seconds. Local cache hits 4 (0.00s CPU time), remote cache hits 0 (0.00s CPU time), compiled 0 variants (0.00s CPU time), skipped 0 variants.
    Prepared data for serialisation in 0.00s
  Pass  (fp, d3d11) finished in 0.00 seconds. Local cache hits 4 (0.00s CPU time), remote cache hits 0 (0.00s CPU time), compiled 0 variants (0.00s CPU time), skipped 0 variants.
    Prepared data for serialisation in 0.00s
  Pass  (vp, d3d11) finished in 0.00 seconds. Local cache hits 4 (0.00s CPU time), remote cache hits 0 (0.00s CPU time), compiled 0 variants (0.00s CPU time), skipped 0 variants.
    Prepared data for serialisation in 0.00s
  Pass  (fp, d3d11) finished in 0.00 seconds. Local cache hits 4 (0.00s CPU time), remote cache hits 0 (0.00s CPU time), compiled 0 variants (0.00s CPU time), skipped 0 variants.
    Prepared data for serialisation in 0.00s
Serialized binary data for shader Hidden/Internal-ScreenSpaceShadows in 0.00s
    d3d11 (total internal programs: 32, unique: 20)
Compiling shader "Hidden/Internal-CombineDepthNormals"
  Pass "" (vp)
    Target graphics API: d3d11
    Full variant space:         1
    After settings filtering:   1
    After built-in stripping:   1
    After scriptable stripping: 1
    Processed in 0.00 seconds
  Pass "" (fp)
    Target graphics API: d3d11
    Full variant space:         1
    After settings filtering:   1
    After built-in stripping:   1
    After scriptable stripping: 1
    Processed in 0.00 seconds
  Pass  (vp, d3d11) finished in 0.00 seconds. Local cache hits 1 (0.00s CPU time), remote cache hits 0 (0.00s CPU time), compiled 0 variants (0.00s CPU time), skipped 0 variants.
    Prepared data for serialisation in 0.00s
  Pass  (fp, d3d11) finished in 0.00 seconds. Local cache hits 1 (0.00s CPU time), remote cache hits 0 (0.00s CPU time), compiled 0 variants (0.00s CPU time), skipped 0 variants.
    Prepared data for serialisation in 0.00s
Serialized binary data for shader Hidden/Internal-CombineDepthNormals in 0.00s
    d3d11 (total internal programs: 2, unique: 2)
Compiling shader "Hidden/BlitCopy"
  Pass "" (vp)
    Target graphics API: d3d11
    Full variant space:         1
    After settings filtering:   1
    After built-in stripping:   1
    After scriptable stripping: 1
    Processed in 0.00 seconds
  Pass "" (fp)
    Target graphics API: d3d11
    Full variant space:         1
    After settings filtering:   1
    After built-in stripping:   1
    After scriptable stripping: 1
    Processed in 0.00 seconds
  Pass  (vp, d3d11) finished in 0.00 seconds. Local cache hits 1 (0.00s CPU time), remote cache hits 0 (0.00s CPU time), compiled 0 variants (0.00s CPU time), skipped 0 variants.
    Prepared data for serialisation in 0.00s
  Pass  (fp, d3d11) finished in 0.00 seconds. Local cache hits 1 (0.00s CPU time), remote cache hits 0 (0.00s CPU time), compiled 0 variants (0.00s CPU time), skipped 0 variants.
    Prepared data for serialisation in 0.00s
Serialized binary data for shader Hidden/BlitCopy in 0.00s
    d3d11 (total internal programs: 2, unique: 2)
Compiling shader "Hidden/BlitCopyDepth"
  Pass "" (vp)
    Target graphics API: d3d11
    Full variant space:         1
    After settings filtering:   1
    After built-in stripping:   1
    After scriptable stripping: 1
    Processed in 0.00 seconds
  Pass "" (fp)
    Target graphics API: d3d11
    Full variant space:         1
    After settings filtering:   1
    After built-in stripping:   1
    After scriptable stripping: 1
    Processed in 0.00 seconds
  Pass  (vp, d3d11) finished in 0.00 seconds. Local cache hits 1 (0.00s CPU time), remote cache hits 0 (0.00s CPU time), compiled 0 variants (0.00s CPU time), skipped 0 variants.
    Prepared data for serialisation in 0.00s
  Pass  (fp, d3d11) finished in 0.00 seconds. Local cache hits 1 (0.00s CPU time), remote cache hits 0 (0.00s CPU time), compiled 0 variants (0.00s CPU time), skipped 0 variants.
    Prepared data for serialisation in 0.00s
Serialized binary data for shader Hidden/BlitCopyDepth in 0.00s
    d3d11 (total internal programs: 2, unique: 2)
Compiling shader "Hidden/ConvertTexture"
  Pass "" (vp)
    Target graphics API: d3d11
    Full variant space:         1
    After settings filtering:   1
    After built-in stripping:   1
    After scriptable stripping: 1
    Processed in 0.00 seconds
  Pass "" (fp)
    Target graphics API: d3d11
    Full variant space:         1
    After settings filtering:   1
    After built-in stripping:   1
    After scriptable stripping: 1
    Processed in 0.00 seconds
  Pass  (vp, d3d11) finished in 0.00 seconds. Local cache hits 1 (0.00s CPU time), remote cache hits 0 (0.00s CPU time), compiled 0 variants (0.00s CPU time), skipped 0 variants.
    Prepared data for serialisation in 0.00s
  Pass  (fp, d3d11) finished in 0.00 seconds. Local cache hits 1 (0.00s CPU time), remote cache hits 0 (0.00s CPU time), compiled 0 variants (0.00s CPU time), skipped 0 variants.
    Prepared data for serialisation in 0.00s
Serialized binary data for shader Hidden/ConvertTexture in 0.00s
    d3d11 (total internal programs: 2, unique: 2)
Compiling shader "Hidden/Internal-DeferredShading"
  Pass "" (vp)
    Target graphics API: d3d11
    Full variant space:         94
    After settings filtering:   94
    After built-in stripping:   26
    After scriptable stripping: 26
    Processed in 0.00 seconds
  Pass "" (fp)
    Target graphics API: d3d11
    Full variant space:         94
    After settings filtering:   94
    After built-in stripping:   26
    After scriptable stripping: 26
    Processed in 0.00 seconds
  Pass "" (vp)
    Target graphics API: d3d11
    Full variant space:         1
    After settings filtering:   1
    After built-in stripping:   1
    After scriptable stripping: 1
    Processed in 0.00 seconds
  Pass "" (fp)
    Target graphics API: d3d11
    Full variant space:         1
    After settings filtering:   1
    After built-in stripping:   1
    After scriptable stripping: 1
    Processed in 0.00 seconds
  Pass  (vp, d3d11) finished in 0.00 seconds. Local cache hits 26 (0.01s CPU time), remote cache hits 0 (0.00s CPU time), compiled 0 variants (0.00s CPU time), skipped 0 variants.
    Prepared data for serialisation in 0.00s
  Pass  (fp, d3d11) finished in 0.00 seconds. Local cache hits 26 (0.00s CPU time), remote cache hits 0 (0.00s CPU time), compiled 0 variants (0.00s CPU time), skipped 0 variants.
    Prepared data for serialisation in 0.00s
  Pass  (vp, d3d11) finished in 0.00 seconds. Local cache hits 1 (0.00s CPU time), remote cache hits 0 (0.00s CPU time), compiled 0 variants (0.00s CPU time), skipped 0 variants.
    Prepared data for serialisation in 0.00s
  Pass  (fp, d3d11) finished in 0.00 seconds. Local cache hits 1 (0.00s CPU time), remote cache hits 0 (0.00s CPU time), compiled 0 variants (0.00s CPU time), skipped 0 variants.
    Prepared data for serialisation in 0.00s
Serialized binary data for shader Hidden/Internal-DeferredShading in 0.00s
    d3d11 (total internal programs: 54, unique: 54)
Compiling shader "Hidden/Internal-DeferredReflections"
  Pass "" (vp)
    Target graphics API: d3d11
    Full variant space:         1
    After settings filtering:   1
    After built-in stripping:   1
    After scriptable stripping: 1
    Processed in 0.00 seconds
  Pass "" (fp)
    Target graphics API: d3d11
    Full variant space:         1
    After settings filtering:   1
    After built-in stripping:   1
    After scriptable stripping: 1
    Processed in 0.00 seconds
  Pass "" (vp)
    Target graphics API: d3d11
    Full variant space:         2
    After settings filtering:   2
    After built-in stripping:   2
    After scriptable stripping: 2
    Processed in 0.00 seconds
  Pass "" (fp)
    Target graphics API: d3d11
    Full variant space:         2
    After settings filtering:   2
    After built-in stripping:   2
    After scriptable stripping: 2
    Processed in 0.00 seconds
  Pass  (vp, d3d11) finished in 0.00 seconds. Local cache hits 1 (0.00s CPU time), remote cache hits 0 (0.00s CPU time), compiled 0 variants (0.00s CPU time), skipped 0 variants.
    Prepared data for serialisation in 0.00s
  Pass  (fp, d3d11) finished in 0.00 seconds. Local cache hits 1 (0.00s CPU time), remote cache hits 0 (0.00s CPU time), compiled 0 variants (0.00s CPU time), skipped 0 variants.
    Prepared data for serialisation in 0.00s
  Pass  (vp, d3d11) finished in 0.00 seconds. Local cache hits 2 (0.00s CPU time), remote cache hits 0 (0.00s CPU time), compiled 0 variants (0.00s CPU time), skipped 0 variants.
    Prepared data for serialisation in 0.00s
  Pass  (fp, d3d11) finished in 0.00 seconds. Local cache hits 2 (0.00s CPU time), remote cache hits 0 (0.00s CPU time), compiled 0 variants (0.00s CPU time), skipped 0 variants.
    Prepared data for serialisation in 0.00s
Serialized binary data for shader Hidden/Internal-DeferredReflections in 0.00s
    d3d11 (total internal programs: 6, unique: 6)
Compiling shader "Hidden/Internal-MotionVectors"
  Pass "" (vp)
    Target graphics API: d3d11
    Full variant space:         1
    After settings filtering:   1
    After built-in stripping:   1
    After scriptable stripping: 1
    Processed in 0.00 seconds
  Pass "" (fp)
    Target graphics API: d3d11
    Full variant space:         1
    After settings filtering:   1
    After built-in stripping:   1
    After scriptable stripping: 1
    Processed in 0.00 seconds
  Pass "" (vp)
    Target graphics API: d3d11
    Full variant space:         1
    After settings filtering:   1
    After built-in stripping:   1
    After scriptable stripping: 1
    Processed in 0.00 seconds
  Pass "" (fp)
    Target graphics API: d3d11
    Full variant space:         1
    After settings filtering:   1
    After built-in stripping:   1
    After scriptable stripping: 1
    Processed in 0.00 seconds
  Pass "" (vp)
    Target graphics API: d3d11
    Full variant space:         1
    After settings filtering:   1
    After built-in stripping:   1
    After scriptable stripping: 1
    Processed in 0.00 seconds
  Pass "" (fp)
    Target graphics API: d3d11
    Full variant space:         1
    After settings filtering:   1
    After built-in stripping:   1
    After scriptable stripping: 1
    Processed in 0.00 seconds
  Pass  (vp, d3d11) finished in 0.00 seconds. Local cache hits 1 (0.00s CPU time), remote cache hits 0 (0.00s CPU time), compiled 0 variants (0.00s CPU time), skipped 0 variants.
    Prepared data for serialisation in 0.00s
  Pass  (fp, d3d11) finished in 0.00 seconds. Local cache hits 1 (0.00s CPU time), remote cache hits 0 (0.00s CPU time), compiled 0 variants (0.00s CPU time), skipped 0 variants.
    Prepared data for serialisation in 0.00s
  Pass  (vp, d3d11) finished in 0.00 seconds. Local cache hits 1 (0.00s CPU time), remote cache hits 0 (0.00s CPU time), compiled 0 variants (0.00s CPU time), skipped 0 variants.
    Prepared data for serialisation in 0.00s
  Pass  (fp, d3d11) finished in 0.00 seconds. Local cache hits 1 (0.00s CPU time), remote cache hits 0 (0.00s CPU time), compiled 0 variants (0.00s CPU time), skipped 0 variants.
    Prepared data for serialisation in 0.00s
  Pass  (vp, d3d11) finished in 0.00 seconds. Local cache hits 1 (0.00s CPU time), remote cache hits 0 (0.00s CPU time), compiled 0 variants (0.00s CPU time), skipped 0 variants.
    Prepared data for serialisation in 0.00s
  Pass  (fp, d3d11) finished in 0.00 seconds. Local cache hits 1 (0.00s CPU time), remote cache hits 0 (0.00s CPU time), compiled 0 variants (0.00s CPU time), skipped 0 variants.
    Prepared data for serialisation in 0.00s
Serialized binary data for shader Hidden/Internal-MotionVectors in 0.00s
    d3d11 (total internal programs: 6, unique: 5)
Compiling shader "Hidden/Internal-Flare"
  Pass "" (vp)
    Target graphics API: d3d11
    Full variant space:         1
    After settings filtering:   1
    After built-in stripping:   1
    After scriptable stripping: 1
    Processed in 0.00 seconds
  Pass "" (fp)
    Target graphics API: d3d11
    Full variant space:         1
    After settings filtering:   1
    After built-in stripping:   1
    After scriptable stripping: 1
    Processed in 0.00 seconds
  Pass  (vp, d3d11) finished in 0.00 seconds. Local cache hits 1 (0.00s CPU time), remote cache hits 0 (0.00s CPU time), compiled 0 variants (0.00s CPU time), skipped 0 variants.
    Prepared data for serialisation in 0.00s
  Pass  (fp, d3d11) finished in 0.00 seconds. Local cache hits 1 (0.00s CPU time), remote cache hits 0 (0.00s CPU time), compiled 0 variants (0.00s CPU time), skipped 0 variants.
    Prepared data for serialisation in 0.00s
Serialized binary data for shader Hidden/Internal-Flare in 0.00s
    d3d11 (total internal programs: 2, unique: 2)
Compiling shader "Hidden/Internal-Halo"
  Pass "" (vp)
    Target graphics API: d3d11
    Full variant space:         4
    After settings filtering:   4
    After built-in stripping:   1
    After scriptable stripping: 1
    Processed in 0.00 seconds
  Pass "" (fp)
    Target graphics API: d3d11
    Full variant space:         4
    After settings filtering:   4
    After built-in stripping:   1
    After scriptable stripping: 1
    Processed in 0.00 seconds
  Pass  (vp, d3d11) finished in 0.00 seconds. Local cache hits 1 (0.00s CPU time), remote cache hits 0 (0.00s CPU time), compiled 0 variants (0.00s CPU time), skipped 0 variants.
    Prepared data for serialisation in 0.00s
  Pass  (fp, d3d11) finished in 0.00 seconds. Local cache hits 1 (0.00s CPU time), remote cache hits 0 (0.00s CPU time), compiled 0 variants (0.00s CPU time), skipped 0 variants.
    Prepared data for serialisation in 0.00s
Serialized binary data for shader Hidden/Internal-Halo in 0.00s
    d3d11 (total internal programs: 2, unique: 2)
Compiling shader "Hidden/BlitCopyWithDepth"
  Pass "" (vp)
    Target graphics API: d3d11
    Full variant space:         1
    After settings filtering:   1
    After built-in stripping:   1
    After scriptable stripping: 1
    Processed in 0.00 seconds
  Pass "" (fp)
    Target graphics API: d3d11
    Full variant space:         1
    After settings filtering:   1
    After built-in stripping:   1
    After scriptable stripping: 1
    Processed in 0.00 seconds
  Pass  (vp, d3d11) finished in 0.00 seconds. Local cache hits 1 (0.00s CPU time), remote cache hits 0 (0.00s CPU time), compiled 0 variants (0.00s CPU time), skipped 0 variants.
    Prepared data for serialisation in 0.00s
  Pass  (fp, d3d11) finished in 0.00 seconds. Local cache hits 1 (0.00s CPU time), remote cache hits 0 (0.00s CPU time), compiled 0 variants (0.00s CPU time), skipped 0 variants.
    Prepared data for serialisation in 0.00s
Serialized binary data for shader Hidden/BlitCopyWithDepth in 0.00s
    d3d11 (total internal programs: 2, unique: 2)
Compiling shader "Hidden/BlitToDepth"
  Pass "" (vp)
    Target graphics API: d3d11
    Full variant space:         1
    After settings filtering:   1
    After built-in stripping:   1
    After scriptable stripping: 1
    Processed in 0.00 seconds
  Pass "" (fp)
    Target graphics API: d3d11
    Full variant space:         1
    After settings filtering:   1
    After built-in stripping:   1
    After scriptable stripping: 1
    Processed in 0.00 seconds
  Pass  (vp, d3d11) finished in 0.00 seconds. Local cache hits 1 (0.00s CPU time), remote cache hits 0 (0.00s CPU time), compiled 0 variants (0.00s CPU time), skipped 0 variants.
    Prepared data for serialisation in 0.00s
  Pass  (fp, d3d11) finished in 0.00 seconds. Local cache hits 1 (0.00s CPU time), remote cache hits 0 (0.00s CPU time), compiled 0 variants (0.00s CPU time), skipped 0 variants.
    Prepared data for serialisation in 0.00s
Serialized binary data for shader Hidden/BlitToDepth in 0.00s
    d3d11 (total internal programs: 2, unique: 2)
Compiling shader "Hidden/BlitToDepth_MSAA"
  Pass "" (vp)
    Target graphics API: d3d11
    Full variant space:         1
    After settings filtering:   1
    After built-in stripping:   1
    After scriptable stripping: 1
    Processed in 0.00 seconds
  Pass "" (fp)
    Target graphics API: d3d11
    Full variant space:         1
    After settings filtering:   1
    After built-in stripping:   1
    After scriptable stripping: 1
    Processed in 0.00 seconds
  Pass  (vp, d3d11) finished in 0.00 seconds. Local cache hits 1 (0.00s CPU time), remote cache hits 0 (0.00s CPU time), compiled 0 variants (0.00s CPU time), skipped 0 variants.
    Prepared data for serialisation in 0.00s
  Pass  (fp, d3d11) finished in 0.00 seconds. Local cache hits 1 (0.00s CPU time), remote cache hits 0 (0.00s CPU time), compiled 0 variants (0.00s CPU time), skipped 0 variants.
    Prepared data for serialisation in 0.00s
Serialized binary data for shader Hidden/BlitToDepth_MSAA in 0.00s
    d3d11 (total internal programs: 2, unique: 2)
Compiling shader "Hidden/BlitCopyHDRTonemap"
  Pass "" (vp)
    Target graphics API: d3d11
    Full variant space:         1
    After settings filtering:   1
    After built-in stripping:   1
    After scriptable stripping: 1
    Processed in 0.00 seconds
  Pass "" (fp)
    Target graphics API: d3d11
    Full variant space:         1
    After settings filtering:   1
    After built-in stripping:   1
    After scriptable stripping: 1
    Processed in 0.00 seconds
  Pass  (vp, d3d11) finished in 0.00 seconds. Local cache hits 1 (0.00s CPU time), remote cache hits 0 (0.00s CPU time), compiled 0 variants (0.00s CPU time), skipped 0 variants.
    Prepared data for serialisation in 0.00s
  Pass  (fp, d3d11) finished in 0.00 seconds. Local cache hits 1 (0.00s CPU time), remote cache hits 0 (0.00s CPU time), compiled 0 variants (0.00s CPU time), skipped 0 variants.
    Prepared data for serialisation in 0.00s
Serialized binary data for shader Hidden/BlitCopyHDRTonemap in 0.00s
    d3d11 (total internal programs: 2, unique: 2)
Compiling shader "Hidden/Internal-DebugPattern"
  Pass "Target Color and DepthStencil" (vp)
    Target graphics API: d3d11
    Full variant space:         1
    After settings filtering:   1
    After built-in stripping:   1
    After scriptable stripping: 1
    Processed in 0.00 seconds
  Pass "Target Color and DepthStencil" (fp)
    Target graphics API: d3d11
    Full variant space:         1
    After settings filtering:   1
    After built-in stripping:   1
    After scriptable stripping: 1
    Processed in 0.00 seconds
  Pass "Target only Color" (vp)
    Target graphics API: d3d11
    Full variant space:         1
    After settings filtering:   1
    After built-in stripping:   1
    After scriptable stripping: 1
    Processed in 0.00 seconds
  Pass "Target only Color" (fp)
    Target graphics API: d3d11
    Full variant space:         1
    After settings filtering:   1
    After built-in stripping:   1
    After scriptable stripping: 1
    Processed in 0.00 seconds
  Pass "Target only DepthStencil" (vp)
    Target graphics API: d3d11
    Full variant space:         1
    After settings filtering:   1
    After built-in stripping:   1
    After scriptable stripping: 1
    Processed in 0.00 seconds
  Pass "Target only DepthStencil" (fp)
    Target graphics API: d3d11
    Full variant space:         1
    After settings filtering:   1
    After built-in stripping:   1
    After scriptable stripping: 1
    Processed in 0.00 seconds
  Pass Target Color and DepthStencil (vp, d3d11) finished in 0.00 seconds. Local cache hits 1 (0.00s CPU time), remote cache hits 0 (0.00s CPU time), compiled 0 variants (0.00s CPU time), skipped 0 variants.
    Prepared data for serialisation in 0.00s
  Pass Target Color and DepthStencil (fp, d3d11) finished in 0.00 seconds. Local cache hits 1 (0.00s CPU time), remote cache hits 0 (0.00s CPU time), compiled 0 variants (0.00s CPU time), skipped 0 variants.
    Prepared data for serialisation in 0.00s
  Pass Target only Color (vp, d3d11) finished in 0.00 seconds. Local cache hits 1 (0.00s CPU time), remote cache hits 0 (0.00s CPU time), compiled 0 variants (0.00s CPU time), skipped 0 variants.
    Prepared data for serialisation in 0.00s
  Pass Target only Color (fp, d3d11) finished in 0.00 seconds. Local cache hits 1 (0.00s CPU time), remote cache hits 0 (0.00s CPU time), compiled 0 variants (0.00s CPU time), skipped 0 variants.
    Prepared data for serialisation in 0.00s
  Pass Target only DepthStencil (vp, d3d11) finished in 0.00 seconds. Local cache hits 1 (0.00s CPU time), remote cache hits 0 (0.00s CPU time), compiled 0 variants (0.00s CPU time), skipped 0 variants.
    Prepared data for serialisation in 0.00s
  Pass Target only DepthStencil (fp, d3d11) finished in 0.00 seconds. Local cache hits 1 (0.00s CPU time), remote cache hits 0 (0.00s CPU time), compiled 0 variants (0.00s CPU time), skipped 0 variants.
    Prepared data for serialisation in 0.00s
Serialized binary data for shader Hidden/Internal-DebugPattern in 0.00s
    d3d11 (total internal programs: 6, unique: 4)
Compiling shader "Hidden/Internal-GUITextureClip"
  Pass "" (vp)
    Target graphics API: d3d11
    Full variant space:         1
    After settings filtering:   1
    After built-in stripping:   1
    After scriptable stripping: 1
    Processed in 0.00 seconds
  Pass "" (fp)
    Target graphics API: d3d11
    Full variant space:         1
    After settings filtering:   1
    After built-in stripping:   1
    After scriptable stripping: 1
    Processed in 0.00 seconds
  Pass "" (vp)
    Target graphics API: d3d11
    Full variant space:         1
    After settings filtering:   1
    After built-in stripping:   1
    After scriptable stripping: 1
    Processed in 0.00 seconds
  Pass "" (fp)
    Target graphics API: d3d11
    Full variant space:         1
    After settings filtering:   1
    After built-in stripping:   1
    After scriptable stripping: 1
    Processed in 0.00 seconds
  Pass  (vp, d3d11) finished in 0.00 seconds. Local cache hits 1 (0.00s CPU time), remote cache hits 0 (0.00s CPU time), compiled 0 variants (0.00s CPU time), skipped 0 variants.
    Prepared data for serialisation in 0.00s
  Pass  (fp, d3d11) finished in 0.00 seconds. Local cache hits 1 (0.00s CPU time), remote cache hits 0 (0.00s CPU time), compiled 0 variants (0.00s CPU time), skipped 0 variants.
    Prepared data for serialisation in 0.00s
  Pass  (vp, d3d11) finished in 0.00 seconds. Local cache hits 1 (0.00s CPU time), remote cache hits 0 (0.00s CPU time), compiled 0 variants (0.00s CPU time), skipped 0 variants.
    Prepared data for serialisation in 0.00s
  Pass  (fp, d3d11) finished in 0.00 seconds. Local cache hits 1 (0.00s CPU time), remote cache hits 0 (0.00s CPU time), compiled 0 variants (0.00s CPU time), skipped 0 variants.
    Prepared data for serialisation in 0.00s
Serialized binary data for shader Hidden/Internal-GUITextureClip in 0.00s
    d3d11 (total internal programs: 4, unique: 2)
Compiling shader "Hidden/Internal-GUITextureClipText"
  Pass "" (vp)
    Target graphics API: d3d11
    Full variant space:         1
    After settings filtering:   1
    After built-in stripping:   1
    After scriptable stripping: 1
    Processed in 0.00 seconds
  Pass "" (fp)
    Target graphics API: d3d11
    Full variant space:         1
    After settings filtering:   1
    After built-in stripping:   1
    After scriptable stripping: 1
    Processed in 0.00 seconds
  Pass "" (vp)
    Target graphics API: d3d11
    Full variant space:         1
    After settings filtering:   1
    After built-in stripping:   1
    After scriptable stripping: 1
    Processed in 0.00 seconds
  Pass "" (fp)
    Target graphics API: d3d11
    Full variant space:         1
    After settings filtering:   1
    After built-in stripping:   1
    After scriptable stripping: 1
    Processed in 0.00 seconds
  Pass  (vp, d3d11) finished in 0.00 seconds. Local cache hits 1 (0.00s CPU time), remote cache hits 0 (0.00s CPU time), compiled 0 variants (0.00s CPU time), skipped 0 variants.
    Prepared data for serialisation in 0.00s
  Pass  (fp, d3d11) finished in 0.00 seconds. Local cache hits 1 (0.00s CPU time), remote cache hits 0 (0.00s CPU time), compiled 0 variants (0.00s CPU time), skipped 0 variants.
    Prepared data for serialisation in 0.00s
  Pass  (vp, d3d11) finished in 0.00 seconds. Local cache hits 1 (0.00s CPU time), remote cache hits 0 (0.00s CPU time), compiled 0 variants (0.00s CPU time), skipped 0 variants.
    Prepared data for serialisation in 0.00s
  Pass  (fp, d3d11) finished in 0.00 seconds. Local cache hits 1 (0.00s CPU time), remote cache hits 0 (0.00s CPU time), compiled 0 variants (0.00s CPU time), skipped 0 variants.
    Prepared data for serialisation in 0.00s
Serialized binary data for shader Hidden/Internal-GUITextureClipText in 0.00s
    d3d11 (total internal programs: 4, unique: 2)
Compiling shader "Hidden/Internal-GUITexture"
  Pass "" (vp)
    Target graphics API: d3d11
    Full variant space:         1
    After settings filtering:   1
    After built-in stripping:   1
    After scriptable stripping: 1
    Processed in 0.00 seconds
  Pass "" (fp)
    Target graphics API: d3d11
    Full variant space:         1
    After settings filtering:   1
    After built-in stripping:   1
    After scriptable stripping: 1
    Processed in 0.00 seconds
  Pass "" (vp)
    Target graphics API: d3d11
    Full variant space:         1
    After settings filtering:   1
    After built-in stripping:   1
    After scriptable stripping: 1
    Processed in 0.00 seconds
  Pass "" (fp)
    Target graphics API: d3d11
    Full variant space:         1
    After settings filtering:   1
    After built-in stripping:   1
    After scriptable stripping: 1
    Processed in 0.00 seconds
  Pass  (vp, d3d11) finished in 0.00 seconds. Local cache hits 1 (0.00s CPU time), remote cache hits 0 (0.00s CPU time), compiled 0 variants (0.00s CPU time), skipped 0 variants.
    Prepared data for serialisation in 0.00s
  Pass  (fp, d3d11) finished in 0.00 seconds. Local cache hits 1 (0.00s CPU time), remote cache hits 0 (0.00s CPU time), compiled 0 variants (0.00s CPU time), skipped 0 variants.
    Prepared data for serialisation in 0.00s
  Pass  (vp, d3d11) finished in 0.00 seconds. Local cache hits 1 (0.00s CPU time), remote cache hits 0 (0.00s CPU time), compiled 0 variants (0.00s CPU time), skipped 0 variants.
    Prepared data for serialisation in 0.00s
  Pass  (fp, d3d11) finished in 0.00 seconds. Local cache hits 1 (0.00s CPU time), remote cache hits 0 (0.00s CPU time), compiled 0 variants (0.00s CPU time), skipped 0 variants.
    Prepared data for serialisation in 0.00s
Serialized binary data for shader Hidden/Internal-GUITexture in 0.00s
    d3d11 (total internal programs: 4, unique: 2)
Compiling shader "Hidden/Internal-GUITextureBlit"
  Pass "" (vp)
    Target graphics API: d3d11
    Full variant space:         1
    After settings filtering:   1
    After built-in stripping:   1
    After scriptable stripping: 1
    Processed in 0.00 seconds
  Pass "" (fp)
    Target graphics API: d3d11
    Full variant space:         1
    After settings filtering:   1
    After built-in stripping:   1
    After scriptable stripping: 1
    Processed in 0.00 seconds
  Pass "" (vp)
    Target graphics API: d3d11
    Full variant space:         1
    After settings filtering:   1
    After built-in stripping:   1
    After scriptable stripping: 1
    Processed in 0.00 seconds
  Pass "" (fp)
    Target graphics API: d3d11
    Full variant space:         1
    After settings filtering:   1
    After built-in stripping:   1
    After scriptable stripping: 1
    Processed in 0.00 seconds
  Pass  (vp, d3d11) finished in 0.00 seconds. Local cache hits 1 (0.00s CPU time), remote cache hits 0 (0.00s CPU time), compiled 0 variants (0.00s CPU time), skipped 0 variants.
    Prepared data for serialisation in 0.00s
  Pass  (fp, d3d11) finished in 0.00 seconds. Local cache hits 1 (0.00s CPU time), remote cache hits 0 (0.00s CPU time), compiled 0 variants (0.00s CPU time), skipped 0 variants.
    Prepared data for serialisation in 0.00s
  Pass  (vp, d3d11) finished in 0.00 seconds. Local cache hits 1 (0.00s CPU time), remote cache hits 0 (0.00s CPU time), compiled 0 variants (0.00s CPU time), skipped 0 variants.
    Prepared data for serialisation in 0.00s
  Pass  (fp, d3d11) finished in 0.00 seconds. Local cache hits 1 (0.00s CPU time), remote cache hits 0 (0.00s CPU time), compiled 0 variants (0.00s CPU time), skipped 0 variants.
    Prepared data for serialisation in 0.00s
Serialized binary data for shader Hidden/Internal-GUITextureBlit in 0.00s
    d3d11 (total internal programs: 4, unique: 2)
Compiling shader "Hidden/Internal-GUIRoundedRect"
  Pass "" (vp)
    Target graphics API: d3d11
    Full variant space:         1
    After settings filtering:   1
    After built-in stripping:   1
    After scriptable stripping: 1
    Processed in 0.00 seconds
  Pass "" (fp)
    Target graphics API: d3d11
    Full variant space:         1
    After settings filtering:   1
    After built-in stripping:   1
    After scriptable stripping: 1
    Processed in 0.00 seconds
  Pass "" (vp)
    Target graphics API: d3d11
    Full variant space:         1
    After settings filtering:   1
    After built-in stripping:   1
    After scriptable stripping: 1
    Processed in 0.00 seconds
  Pass "" (fp)
    Target graphics API: d3d11
    Full variant space:         1
    After settings filtering:   1
    After built-in stripping:   1
    After scriptable stripping: 1
    Processed in 0.00 seconds
  Pass  (vp, d3d11) finished in 0.00 seconds. Local cache hits 1 (0.00s CPU time), remote cache hits 0 (0.00s CPU time), compiled 0 variants (0.00s CPU time), skipped 0 variants.
    Prepared data for serialisation in 0.00s
  Pass  (fp, d3d11) finished in 0.00 seconds. Local cache hits 1 (0.00s CPU time), remote cache hits 0 (0.00s CPU time), compiled 0 variants (0.00s CPU time), skipped 0 variants.
    Prepared data for serialisation in 0.00s
  Pass  (vp, d3d11) finished in 0.00 seconds. Local cache hits 1 (0.00s CPU time), remote cache hits 0 (0.00s CPU time), compiled 0 variants (0.00s CPU time), skipped 0 variants.
    Prepared data for serialisation in 0.00s
  Pass  (fp, d3d11) finished in 0.00 seconds. Local cache hits 1 (0.00s CPU time), remote cache hits 0 (0.00s CPU time), compiled 0 variants (0.00s CPU time), skipped 0 variants.
    Prepared data for serialisation in 0.00s
Serialized binary data for shader Hidden/Internal-GUIRoundedRect in 0.00s
    d3d11 (total internal programs: 4, unique: 2)
Compiling shader "Hidden/Internal-GUIRoundedRectWithColorPerBorder"
  Pass "" (vp)
    Target graphics API: d3d11
    Full variant space:         1
    After settings filtering:   1
    After built-in stripping:   1
    After scriptable stripping: 1
    Processed in 0.00 seconds
  Pass "" (fp)
    Target graphics API: d3d11
    Full variant space:         1
    After settings filtering:   1
    After built-in stripping:   1
    After scriptable stripping: 1
    Processed in 0.00 seconds
  Pass "" (vp)
    Target graphics API: d3d11
    Full variant space:         1
    After settings filtering:   1
    After built-in stripping:   1
    After scriptable stripping: 1
    Processed in 0.00 seconds
  Pass "" (fp)
    Target graphics API: d3d11
    Full variant space:         1
    After settings filtering:   1
    After built-in stripping:   1
    After scriptable stripping: 1
    Processed in 0.00 seconds
  Pass  (vp, d3d11) finished in 0.00 seconds. Local cache hits 1 (0.00s CPU time), remote cache hits 0 (0.00s CPU time), compiled 0 variants (0.00s CPU time), skipped 0 variants.
    Prepared data for serialisation in 0.00s
  Pass  (fp, d3d11) finished in 0.00 seconds. Local cache hits 1 (0.00s CPU time), remote cache hits 0 (0.00s CPU time), compiled 0 variants (0.00s CPU time), skipped 0 variants.
    Prepared data for serialisation in 0.00s
  Pass  (vp, d3d11) finished in 0.00 seconds. Local cache hits 1 (0.00s CPU time), remote cache hits 0 (0.00s CPU time), compiled 0 variants (0.00s CPU time), skipped 0 variants.
    Prepared data for serialisation in 0.00s
  Pass  (fp, d3d11) finished in 0.00 seconds. Local cache hits 1 (0.00s CPU time), remote cache hits 0 (0.00s CPU time), compiled 0 variants (0.00s CPU time), skipped 0 variants.
    Prepared data for serialisation in 0.00s
Serialized binary data for shader Hidden/Internal-GUIRoundedRectWithColorPerBorder in 0.00s
    d3d11 (total internal programs: 4, unique: 2)
Compiling shader "Hidden/Internal-UIRDefault"
  Pass "" (vp)
    Target graphics API: d3d11
    Full variant space:         40
    After settings filtering:   40
    After built-in stripping:   40
    After scriptable stripping: 40
    Processed in 0.00 seconds
  Pass "" (fp)
    Target graphics API: d3d11
    Full variant space:         40
    After settings filtering:   40
    After built-in stripping:   40
    After scriptable stripping: 40
    Processed in 0.00 seconds
  Pass  (vp, d3d11) finished in 0.00 seconds. Local cache hits 40 (0.01s CPU time), remote cache hits 0 (0.00s CPU time), compiled 0 variants (0.00s CPU time), skipped 0 variants.
    Prepared data for serialisation in 0.00s
  Pass  (fp, d3d11) finished in 0.00 seconds. Local cache hits 40 (0.01s CPU time), remote cache hits 0 (0.00s CPU time), compiled 0 variants (0.00s CPU time), skipped 0 variants.
    Prepared data for serialisation in 0.00s
Serialized binary data for shader Hidden/Internal-UIRDefault in 0.00s
    d3d11 (total internal programs: 80, unique: 80)
Compiling shader "Hidden/Internal-UIRAtlasBlitCopy"
  Pass "" (vp)
    Target graphics API: d3d11
    Full variant space:         1
    After settings filtering:   1
    After built-in stripping:   1
    After scriptable stripping: 1
    Processed in 0.00 seconds
  Pass "" (fp)
    Target graphics API: d3d11
    Full variant space:         1
    After settings filtering:   1
    After built-in stripping:   1
    After scriptable stripping: 1
    Processed in 0.00 seconds
  Pass  (vp, d3d11) finished in 0.00 seconds. Local cache hits 1 (0.00s CPU time), remote cache hits 0 (0.00s CPU time), compiled 0 variants (0.00s CPU time), skipped 0 variants.
    Prepared data for serialisation in 0.00s
  Pass  (fp, d3d11) finished in 0.00 seconds. Local cache hits 1 (0.00s CPU time), remote cache hits 0 (0.00s CPU time), compiled 0 variants (0.00s CPU time), skipped 0 variants.
    Prepared data for serialisation in 0.00s
Serialized binary data for shader Hidden/Internal-UIRAtlasBlitCopy in 0.00s
    d3d11 (total internal programs: 2, unique: 2)
Compiling shader "Sprites/Mask"
  Pass "" (vp)
    Target graphics API: d3d11
    Full variant space:         4
    After settings filtering:   4
    After built-in stripping:   4
    After scriptable stripping: 4
    Processed in 0.00 seconds
  Pass "" (fp)
    Target graphics API: d3d11
    Full variant space:         4
    After settings filtering:   4
    After built-in stripping:   4
    After scriptable stripping: 4
    Processed in 0.00 seconds
  Pass  (vp, d3d11) finished in 0.00 seconds. Local cache hits 4 (0.00s CPU time), remote cache hits 0 (0.00s CPU time), compiled 0 variants (0.00s CPU time), skipped 0 variants.
    Prepared data for serialisation in 0.00s
  Pass  (fp, d3d11) finished in 0.00 seconds. Local cache hits 4 (0.00s CPU time), remote cache hits 0 (0.00s CPU time), compiled 0 variants (0.00s CPU time), skipped 0 variants.
    Prepared data for serialisation in 0.00s
Serialized binary data for shader Sprites/Mask in 0.00s
    d3d11 (total internal programs: 8, unique: 8)
Compiling shader "Hidden/VR/BlitTexArraySlice"
  Pass "" (vp)
    Target graphics API: d3d11
    Full variant space:         1
    After settings filtering:   1
    After built-in stripping:   1
    After scriptable stripping: 1
    Processed in 0.00 seconds
  Pass "" (fp)
    Target graphics API: d3d11
    Full variant space:         1
    After settings filtering:   1
    After built-in stripping:   1
    After scriptable stripping: 1
    Processed in 0.00 seconds
  Pass  (vp, d3d11) finished in 0.00 seconds. Local cache hits 1 (0.00s CPU time), remote cache hits 0 (0.00s CPU time), compiled 0 variants (0.00s CPU time), skipped 0 variants.
    Prepared data for serialisation in 0.00s
  Pass  (fp, d3d11) finished in 0.00 seconds. Local cache hits 1 (0.00s CPU time), remote cache hits 0 (0.00s CPU time), compiled 0 variants (0.00s CPU time), skipped 0 variants.
    Prepared data for serialisation in 0.00s
Serialized binary data for shader Hidden/VR/BlitTexArraySlice in 0.00s
    d3d11 (total internal programs: 2, unique: 2)
Compiling shader "Hidden/Internal-ODSWorldTexture"
  Pass "" (vp)
    Target graphics API: d3d11
    Full variant space:         1
    After settings filtering:   1
    After built-in stripping:   1
    After scriptable stripping: 1
    Processed in 0.00 seconds
  Pass "" (fp)
    Target graphics API: d3d11
    Full variant space:         1
    After settings filtering:   1
    After built-in stripping:   1
    After scriptable stripping: 1
    Processed in 0.00 seconds
  Pass "" (vp)
    Target graphics API: d3d11
    Full variant space:         1
    After settings filtering:   1
    After built-in stripping:   1
    After scriptable stripping: 1
    Processed in 0.00 seconds
  Pass "" (fp)
    Target graphics API: d3d11
    Full variant space:         1
    After settings filtering:   1
    After built-in stripping:   1
    After scriptable stripping: 1
    Processed in 0.00 seconds
  Pass "" (vp)
    Target graphics API: d3d11
    Full variant space:         1
    After settings filtering:   1
    After built-in stripping:   1
    After scriptable stripping: 1
    Processed in 0.00 seconds
  Pass "" (fp)
    Target graphics API: d3d11
    Full variant space:         1
    After settings filtering:   1
    After built-in stripping:   1
    After scriptable stripping: 1
    Processed in 0.00 seconds
  Pass "" (vp)
    Target graphics API: d3d11
    Full variant space:         1
    After settings filtering:   1
    After built-in stripping:   1
    After scriptable stripping: 1
    Processed in 0.00 seconds
  Pass "" (fp)
    Target graphics API: d3d11
    Full variant space:         1
    After settings filtering:   1
    After built-in stripping:   1
    After scriptable stripping: 1
    Processed in 0.00 seconds
  Pass "" (vp)
    Target graphics API: d3d11
    Full variant space:         1
    After settings filtering:   1
    After built-in stripping:   1
    After scriptable stripping: 1
    Processed in 0.00 seconds
  Pass "" (fp)
    Target graphics API: d3d11
    Full variant space:         1
    After settings filtering:   1
    After built-in stripping:   1
    After scriptable stripping: 1
    Processed in 0.00 seconds
  Pass "" (vp)
    Target graphics API: d3d11
    Full variant space:         1
    After settings filtering:   1
    After built-in stripping:   1
    After scriptable stripping: 1
    Processed in 0.00 seconds
  Pass "" (fp)
    Target graphics API: d3d11
    Full variant space:         1
    After settings filtering:   1
    After built-in stripping:   1
    After scriptable stripping: 1
    Processed in 0.00 seconds
  Pass "" (vp)
    Target graphics API: d3d11
    Full variant space:         1
    After settings filtering:   1
    After built-in stripping:   1
    After scriptable stripping: 1
    Processed in 0.00 seconds
  Pass "" (fp)
    Target graphics API: d3d11
    Full variant space:         1
    After settings filtering:   1
    After built-in stripping:   1
    After scriptable stripping: 1
    Processed in 0.00 seconds
  Pass "" (vp)
    Target graphics API: d3d11
    Full variant space:         1
    After settings filtering:   1
    After built-in stripping:   1
    After scriptable stripping: 1
    Processed in 0.00 seconds
  Pass "" (fp)
    Target graphics API: d3d11
    Full variant space:         1
    After settings filtering:   1
    After built-in stripping:   1
    After scriptable stripping: 1
    Processed in 0.00 seconds
  Pass "" (vp)
    Target graphics API: d3d11
    Full variant space:         1
    After settings filtering:   1
    After built-in stripping:   1
    After scriptable stripping: 1
    Processed in 0.00 seconds
  Pass "" (fp)
    Target graphics API: d3d11
    Full variant space:         1
    After settings filtering:   1
    After built-in stripping:   1
    After scriptable stripping: 1
    Processed in 0.00 seconds
  Pass "" (vp)
    Target graphics API: d3d11
    Full variant space:         1
    After settings filtering:   1
    After built-in stripping:   1
    After scriptable stripping: 1
    Processed in 0.00 seconds
  Pass "" (fp)
    Target graphics API: d3d11
    Full variant space:         1
    After settings filtering:   1
    After built-in stripping:   1
    After scriptable stripping: 1
    Processed in 0.00 seconds
  Pass  (vp, d3d11) finished in 0.00 seconds. Local cache hits 1 (0.00s CPU time), remote cache hits 0 (0.00s CPU time), compiled 0 variants (0.00s CPU time), skipped 0 variants.
    Prepared data for serialisation in 0.00s
  Pass  (fp, d3d11) finished in 0.00 seconds. Local cache hits 1 (0.00s CPU time), remote cache hits 0 (0.00s CPU time), compiled 0 variants (0.00s CPU time), skipped 0 variants.
    Prepared data for serialisation in 0.00s
  Pass  (vp, d3d11) finished in 0.00 seconds. Local cache hits 1 (0.00s CPU time), remote cache hits 0 (0.00s CPU time), compiled 0 variants (0.00s CPU time), skipped 0 variants.
    Prepared data for serialisation in 0.00s
  Pass  (fp, d3d11) finished in 0.00 seconds. Local cache hits 1 (0.00s CPU time), remote cache hits 0 (0.00s CPU time), compiled 0 variants (0.00s CPU time), skipped 0 variants.
    Prepared data for serialisation in 0.00s
  Pass  (vp, d3d11) finished in 0.00 seconds. Local cache hits 1 (0.00s CPU time), remote cache hits 0 (0.00s CPU time), compiled 0 variants (0.00s CPU time), skipped 0 variants.
    Prepared data for serialisation in 0.00s
  Pass  (fp, d3d11) finished in 0.00 seconds. Local cache hits 1 (0.00s CPU time), remote cache hits 0 (0.00s CPU time), compiled 0 variants (0.00s CPU time), skipped 0 variants.
    Prepared data for serialisation in 0.00s
  Pass  (vp, d3d11) finished in 0.00 seconds. Local cache hits 1 (0.00s CPU time), remote cache hits 0 (0.00s CPU time), compiled 0 variants (0.00s CPU time), skipped 0 variants.
    Prepared data for serialisation in 0.00s
  Pass  (fp, d3d11) finished in 0.00 seconds. Local cache hits 1 (0.00s CPU time), remote cache hits 0 (0.00s CPU time), compiled 0 variants (0.00s CPU time), skipped 0 variants.
    Prepared data for serialisation in 0.00s
  Pass  (vp, d3d11) finished in 0.00 seconds. Local cache hits 1 (0.00s CPU time), remote cache hits 0 (0.00s CPU time), compiled 0 variants (0.00s CPU time), skipped 0 variants.
    Prepared data for serialisation in 0.00s
  Pass  (fp, d3d11) finished in 0.00 seconds. Local cache hits 1 (0.00s CPU time), remote cache hits 0 (0.00s CPU time), compiled 0 variants (0.00s CPU time), skipped 0 variants.
    Prepared data for serialisation in 0.00s
  Pass  (vp, d3d11) finished in 0.00 seconds. Local cache hits 1 (0.00s CPU time), remote cache hits 0 (0.00s CPU time), compiled 0 variants (0.00s CPU time), skipped 0 variants.
    Prepared data for serialisation in 0.00s
  Pass  (fp, d3d11) finished in 0.00 seconds. Local cache hits 1 (0.00s CPU time), remote cache hits 0 (0.00s CPU time), compiled 0 variants (0.00s CPU time), skipped 0 variants.
    Prepared data for serialisation in 0.00s
  Pass  (vp, d3d11) finished in 0.00 seconds. Local cache hits 1 (0.00s CPU time), remote cache hits 0 (0.00s CPU time), compiled 0 variants (0.00s CPU time), skipped 0 variants.
    Prepared data for serialisation in 0.00s
  Pass  (fp, d3d11) finished in 0.00 seconds. Local cache hits 1 (0.00s CPU time), remote cache hits 0 (0.00s CPU time), compiled 0 variants (0.00s CPU time), skipped 0 variants.
    Prepared data for serialisation in 0.00s
  Pass  (vp, d3d11) finished in 0.00 seconds. Local cache hits 1 (0.00s CPU time), remote cache hits 0 (0.00s CPU time), compiled 0 variants (0.00s CPU time), skipped 0 variants.
    Prepared data for serialisation in 0.00s
  Pass  (fp, d3d11) finished in 0.00 seconds. Local cache hits 1 (0.00s CPU time), remote cache hits 0 (0.00s CPU time), compiled 0 variants (0.00s CPU time), skipped 0 variants.
    Prepared data for serialisation in 0.00s
  Pass  (vp, d3d11) finished in 0.00 seconds. Local cache hits 1 (0.00s CPU time), remote cache hits 0 (0.00s CPU time), compiled 0 variants (0.00s CPU time), skipped 0 variants.
    Prepared data for serialisation in 0.00s
  Pass  (fp, d3d11) finished in 0.00 seconds. Local cache hits 1 (0.00s CPU time), remote cache hits 0 (0.00s CPU time), compiled 0 variants (0.00s CPU time), skipped 0 variants.
    Prepared data for serialisation in 0.00s
  Pass  (vp, d3d11) finished in 0.00 seconds. Local cache hits 1 (0.00s CPU time), remote cache hits 0 (0.00s CPU time), compiled 0 variants (0.00s CPU time), skipped 0 variants.
    Prepared data for serialisation in 0.00s
  Pass  (fp, d3d11) finished in 0.00 seconds. Local cache hits 1 (0.00s CPU time), remote cache hits 0 (0.00s CPU time), compiled 0 variants (0.00s CPU time), skipped 0 variants.
    Prepared data for serialisation in 0.00s
Serialized binary data for shader Hidden/Internal-ODSWorldTexture in 0.00s
    d3d11 (total internal programs: 20, unique: 15)
Compiling shader "Hidden/Internal-CubemapToEquirect"
  Pass "" (vp)
    Target graphics API: d3d11
    Full variant space:         1
    After settings filtering:   1
    After built-in stripping:   1
    After scriptable stripping: 1
    Processed in 0.00 seconds
  Pass "" (fp)
    Target graphics API: d3d11
    Full variant space:         1
    After settings filtering:   1
    After built-in stripping:   1
    After scriptable stripping: 1
    Processed in 0.00 seconds
  Pass  (vp, d3d11) finished in 0.00 seconds. Local cache hits 1 (0.00s CPU time), remote cache hits 0 (0.00s CPU time), compiled 0 variants (0.00s CPU time), skipped 0 variants.
    Prepared data for serialisation in 0.00s
  Pass  (fp, d3d11) finished in 0.00 seconds. Local cache hits 1 (0.00s CPU time), remote cache hits 0 (0.00s CPU time), compiled 0 variants (0.00s CPU time), skipped 0 variants.
    Prepared data for serialisation in 0.00s
Serialized binary data for shader Hidden/Internal-CubemapToEquirect in 0.00s
    d3d11 (total internal programs: 2, unique: 2)
Compiling shader "Hidden/VR/BlitFromTex2DToTexArraySlice"
  Pass "" (vp)
    Target graphics API: d3d11
    Full variant space:         1
    After settings filtering:   1
    After built-in stripping:   1
    After scriptable stripping: 1
    Processed in 0.00 seconds
  Pass "" (fp)
    Target graphics API: d3d11
    Full variant space:         1
    After settings filtering:   1
    After built-in stripping:   1
    After scriptable stripping: 1
    Processed in 0.00 seconds
  Pass "" (vp)
    Target graphics API: d3d11
    Full variant space:         1
    After settings filtering:   1
    After built-in stripping:   1
    After scriptable stripping: 1
    Processed in 0.00 seconds
  Pass "" (fp)
    Target graphics API: d3d11
    Full variant space:         1
    After settings filtering:   1
    After built-in stripping:   1
    After scriptable stripping: 1
    Processed in 0.00 seconds
  Pass "" (gp)
    Target graphics API: d3d11
    Full variant space:         1
    After settings filtering:   1
    After built-in stripping:   1
    After scriptable stripping: 1
    Processed in 0.00 seconds
  Pass  (vp, d3d11) finished in 0.00 seconds. Local cache hits 1 (0.00s CPU time), remote cache hits 0 (0.00s CPU time), compiled 0 variants (0.00s CPU time), skipped 0 variants.
    Prepared data for serialisation in 0.00s
  Pass  (fp, d3d11) finished in 0.00 seconds. Local cache hits 1 (0.00s CPU time), remote cache hits 0 (0.00s CPU time), compiled 0 variants (0.00s CPU time), skipped 0 variants.
    Prepared data for serialisation in 0.00s
  Pass  (vp, d3d11) finished in 0.00 seconds. Local cache hits 1 (0.00s CPU time), remote cache hits 0 (0.00s CPU time), compiled 0 variants (0.00s CPU time), skipped 0 variants.
    Prepared data for serialisation in 0.00s
  Pass  (fp, d3d11) finished in 0.00 seconds. Local cache hits 1 (0.00s CPU time), remote cache hits 0 (0.00s CPU time), compiled 0 variants (0.00s CPU time), skipped 0 variants.
    Prepared data for serialisation in 0.00s
  Pass  (gp, d3d11) finished in 0.00 seconds. Local cache hits 1 (0.00s CPU time), remote cache hits 0 (0.00s CPU time), compiled 0 variants (0.00s CPU time), skipped 0 variants.
    Prepared data for serialisation in 0.00s
Serialized binary data for shader Hidden/VR/BlitFromTex2DToTexArraySlice in 0.00s
    d3d11 (total internal programs: 5, unique: 5)
Compiling shader "Hidden/VideoComposite"
  Pass "Default" (vp)
    Target graphics API: d3d11
    Full variant space:         1
    After settings filtering:   1
    After built-in stripping:   1
    After scriptable stripping: 1
    Processed in 0.00 seconds
  Pass "Default" (fp)
    Target graphics API: d3d11
    Full variant space:         1
    After settings filtering:   1
    After built-in stripping:   1
    After scriptable stripping: 1
    Processed in 0.00 seconds
  Pass Default (vp, d3d11) finished in 0.00 seconds. Local cache hits 1 (0.00s CPU time), remote cache hits 0 (0.00s CPU time), compiled 0 variants (0.00s CPU time), skipped 0 variants.
    Prepared data for serialisation in 0.00s
  Pass Default (fp, d3d11) finished in 0.00 seconds. Local cache hits 1 (0.00s CPU time), remote cache hits 0 (0.00s CPU time), compiled 0 variants (0.00s CPU time), skipped 0 variants.
    Prepared data for serialisation in 0.00s
Serialized binary data for shader Hidden/VideoComposite in 0.00s
    d3d11 (total internal programs: 2, unique: 2)
Compiling shader "Hidden/VideoDecode"
  Pass "YCbCr_To_RGB1" (vp)
    Target graphics API: d3d11
    Full variant space:         2
    After settings filtering:   2
    After built-in stripping:   2
    After scriptable stripping: 2
    Processed in 0.00 seconds
  Pass "YCbCr_To_RGB1" (fp)
    Target graphics API: d3d11
    Full variant space:         2
    After settings filtering:   2
    After built-in stripping:   2
    After scriptable stripping: 2
    Processed in 0.00 seconds
  Pass "YCbCrA_To_RGBAFull" (vp)
    Target graphics API: d3d11
    Full variant space:         2
    After settings filtering:   2
    After built-in stripping:   2
    After scriptable stripping: 2
    Processed in 0.00 seconds
  Pass "YCbCrA_To_RGBAFull" (fp)
    Target graphics API: d3d11
    Full variant space:         2
    After settings filtering:   2
    After built-in stripping:   2
    After scriptable stripping: 2
    Processed in 0.00 seconds
  Pass "YCbCrA_To_RGBA" (vp)
    Target graphics API: d3d11
    Full variant space:         2
    After settings filtering:   2
    After built-in stripping:   2
    After scriptable stripping: 2
    Processed in 0.00 seconds
  Pass "YCbCrA_To_RGBA" (fp)
    Target graphics API: d3d11
    Full variant space:         2
    After settings filtering:   2
    After built-in stripping:   2
    After scriptable stripping: 2
    Processed in 0.00 seconds
  Pass "Flip_RGBA_To_RGBA" (vp)
    Target graphics API: d3d11
    Full variant space:         2
    After settings filtering:   2
    After built-in stripping:   2
    After scriptable stripping: 2
    Processed in 0.00 seconds
  Pass "Flip_RGBA_To_RGBA" (fp)
    Target graphics API: d3d11
    Full variant space:         2
    After settings filtering:   2
    After built-in stripping:   2
    After scriptable stripping: 2
    Processed in 0.00 seconds
  Pass "Flip_RGBASplit_To_RGBA" (vp)
    Target graphics API: d3d11
    Full variant space:         2
    After settings filtering:   2
    After built-in stripping:   2
    After scriptable stripping: 2
    Processed in 0.00 seconds
  Pass "Flip_RGBASplit_To_RGBA" (fp)
    Target graphics API: d3d11
    Full variant space:         2
    After settings filtering:   2
    After built-in stripping:   2
    After scriptable stripping: 2
    Processed in 0.00 seconds
  Pass "Flip_NV12_To_RGB1" (vp)
    Target graphics API: d3d11
    Full variant space:         2
    After settings filtering:   2
    After built-in stripping:   2
    After scriptable stripping: 2
    Processed in 0.00 seconds
  Pass "Flip_NV12_To_RGB1" (fp)
    Target graphics API: d3d11
    Full variant space:         2
    After settings filtering:   2
    After built-in stripping:   2
    After scriptable stripping: 2
    Processed in 0.00 seconds
  Pass "Flip_NV12_To_RGBA" (vp)
    Target graphics API: d3d11
    Full variant space:         2
    After settings filtering:   2
    After built-in stripping:   2
    After scriptable stripping: 2
    Processed in 0.00 seconds
  Pass "Flip_NV12_To_RGBA" (fp)
    Target graphics API: d3d11
    Full variant space:         2
    After settings filtering:   2
    After built-in stripping:   2
    After scriptable stripping: 2
    Processed in 0.00 seconds
  Pass "Flip_P010_To_RGB1" (vp)
    Target graphics API: d3d11
    Full variant space:         1
    After settings filtering:   1
    After built-in stripping:   1
    After scriptable stripping: 1
    Processed in 0.00 seconds
  Pass "Flip_P010_To_RGB1" (fp)
    Target graphics API: d3d11
    Full variant space:         1
    After settings filtering:   1
    After built-in stripping:   1
    After scriptable stripping: 1
    Processed in 0.00 seconds
  Pass YCbCr_To_RGB1 (vp, d3d11) finished in 0.00 seconds. Local cache hits 2 (0.00s CPU time), remote cache hits 0 (0.00s CPU time), compiled 0 variants (0.00s CPU time), skipped 0 variants.
    Prepared data for serialisation in 0.00s
  Pass YCbCr_To_RGB1 (fp, d3d11) finished in 0.00 seconds. Local cache hits 2 (0.00s CPU time), remote cache hits 0 (0.00s CPU time), compiled 0 variants (0.00s CPU time), skipped 0 variants.
    Prepared data for serialisation in 0.00s
  Pass YCbCrA_To_RGBAFull (vp, d3d11) finished in 0.00 seconds. Local cache hits 2 (0.00s CPU time), remote cache hits 0 (0.00s CPU time), compiled 0 variants (0.00s CPU time), skipped 0 variants.
    Prepared data for serialisation in 0.00s
  Pass YCbCrA_To_RGBAFull (fp, d3d11) finished in 0.00 seconds. Local cache hits 2 (0.00s CPU time), remote cache hits 0 (0.00s CPU time), compiled 0 variants (0.00s CPU time), skipped 0 variants.
    Prepared data for serialisation in 0.00s
  Pass YCbCrA_To_RGBA (vp, d3d11) finished in 0.00 seconds. Local cache hits 2 (0.00s CPU time), remote cache hits 0 (0.00s CPU time), compiled 0 variants (0.00s CPU time), skipped 0 variants.
    Prepared data for serialisation in 0.00s
  Pass YCbCrA_To_RGBA (fp, d3d11) finished in 0.00 seconds. Local cache hits 2 (0.00s CPU time), remote cache hits 0 (0.00s CPU time), compiled 0 variants (0.00s CPU time), skipped 0 variants.
    Prepared data for serialisation in 0.00s
  Pass Flip_RGBA_To_RGBA (vp, d3d11) finished in 0.00 seconds. Local cache hits 2 (0.00s CPU time), remote cache hits 0 (0.00s CPU time), compiled 0 variants (0.00s CPU time), skipped 0 variants.
    Prepared data for serialisation in 0.00s
  Pass Flip_RGBA_To_RGBA (fp, d3d11) finished in 0.00 seconds. Local cache hits 2 (0.00s CPU time), remote cache hits 0 (0.00s CPU time), compiled 0 variants (0.00s CPU time), skipped 0 variants.
    Prepared data for serialisation in 0.00s
  Pass Flip_RGBASplit_To_RGBA (vp, d3d11) finished in 0.00 seconds. Local cache hits 2 (0.00s CPU time), remote cache hits 0 (0.00s CPU time), compiled 0 variants (0.00s CPU time), skipped 0 variants.
    Prepared data for serialisation in 0.00s
  Pass Flip_RGBASplit_To_RGBA (fp, d3d11) finished in 0.00 seconds. Local cache hits 2 (0.00s CPU time), remote cache hits 0 (0.00s CPU time), compiled 0 variants (0.00s CPU time), skipped 0 variants.
    Prepared data for serialisation in 0.00s
  Pass Flip_NV12_To_RGB1 (vp, d3d11) finished in 0.00 seconds. Local cache hits 2 (0.00s CPU time), remote cache hits 0 (0.00s CPU time), compiled 0 variants (0.00s CPU time), skipped 0 variants.
    Prepared data for serialisation in 0.00s
  Pass Flip_NV12_To_RGB1 (fp, d3d11) finished in 0.00 seconds. Local cache hits 2 (0.00s CPU time), remote cache hits 0 (0.00s CPU time), compiled 0 variants (0.00s CPU time), skipped 0 variants.
    Prepared data for serialisation in 0.00s
  Pass Flip_NV12_To_RGBA (vp, d3d11) finished in 0.00 seconds. Local cache hits 2 (0.00s CPU time), remote cache hits 0 (0.00s CPU time), compiled 0 variants (0.00s CPU time), skipped 0 variants.
    Prepared data for serialisation in 0.00s
  Pass Flip_NV12_To_RGBA (fp, d3d11) finished in 0.00 seconds. Local cache hits 2 (0.00s CPU time), remote cache hits 0 (0.00s CPU time), compiled 0 variants (0.00s CPU time), skipped 0 variants.
    Prepared data for serialisation in 0.00s
  Pass Flip_P010_To_RGB1 (vp, d3d11) finished in 0.00 seconds. Local cache hits 1 (0.00s CPU time), remote cache hits 0 (0.00s CPU time), compiled 0 variants (0.00s CPU time), skipped 0 variants.
    Prepared data for serialisation in 0.00s
  Pass Flip_P010_To_RGB1 (fp, d3d11) finished in 0.00 seconds. Local cache hits 1 (0.00s CPU time), remote cache hits 0 (0.00s CPU time), compiled 0 variants (0.00s CPU time), skipped 0 variants.
    Prepared data for serialisation in 0.00s
Serialized binary data for shader Hidden/VideoDecode in 0.00s
    d3d11 (total internal programs: 30, unique: 19)
Compiling shader "Hidden/TextCore/Distance Field SSD"
  Pass "" (vp)
    Target graphics API: d3d11
    Full variant space:         1
    After settings filtering:   1
    After built-in stripping:   1
    After scriptable stripping: 1
    Processed in 0.00 seconds
  Pass "" (fp)
    Target graphics API: d3d11
    Full variant space:         1
    After settings filtering:   1
    After built-in stripping:   1
    After scriptable stripping: 1
    Processed in 0.00 seconds
  Pass  (vp, d3d11) finished in 0.00 seconds. Local cache hits 1 (0.00s CPU time), remote cache hits 0 (0.00s CPU time), compiled 0 variants (0.00s CPU time), skipped 0 variants.
    Prepared data for serialisation in 0.00s
  Pass  (fp, d3d11) finished in 0.00 seconds. Local cache hits 1 (0.00s CPU time), remote cache hits 0 (0.00s CPU time), compiled 0 variants (0.00s CPU time), skipped 0 variants.
    Prepared data for serialisation in 0.00s
Serialized binary data for shader Hidden/TextCore/Distance Field SSD in 0.00s
    d3d11 (total internal programs: 2, unique: 2)
Compiling shader "Hidden/Physics2D/SDF_CircleGeometry"
  Pass "" (vp)
    Target graphics API: d3d11
    Full variant space:         2
    After settings filtering:   2
    After built-in stripping:   1
    After scriptable stripping: 1
    Processed in 0.00 seconds
  Pass "" (fp)
    Target graphics API: d3d11
    Full variant space:         2
    After settings filtering:   2
    After built-in stripping:   1
    After scriptable stripping: 1
    Processed in 0.00 seconds
  Pass  (vp, d3d11) finished in 0.00 seconds. Local cache hits 1 (0.00s CPU time), remote cache hits 0 (0.00s CPU time), compiled 0 variants (0.00s CPU time), skipped 0 variants.
    Prepared data for serialisation in 0.00s
  Pass  (fp, d3d11) finished in 0.00 seconds. Local cache hits 1 (0.00s CPU time), remote cache hits 0 (0.00s CPU time), compiled 0 variants (0.00s CPU time), skipped 0 variants.
    Prepared data for serialisation in 0.00s
Serialized binary data for shader Hidden/Physics2D/SDF_CircleGeometry in 0.00s
    d3d11 (total internal programs: 2, unique: 2)
Compiling shader "Hidden/Physics2D/SDF_CapsuleGeometry"
  Pass "" (vp)
    Target graphics API: d3d11
    Full variant space:         2
    After settings filtering:   2
    After built-in stripping:   1
    After scriptable stripping: 1
    Processed in 0.00 seconds
  Pass "" (fp)
    Target graphics API: d3d11
    Full variant space:         2
    After settings filtering:   2
    After built-in stripping:   1
    After scriptable stripping: 1
    Processed in 0.00 seconds
  Pass  (vp, d3d11) finished in 0.00 seconds. Local cache hits 1 (0.00s CPU time), remote cache hits 0 (0.00s CPU time), compiled 0 variants (0.00s CPU time), skipped 0 variants.
    Prepared data for serialisation in 0.00s
  Pass  (fp, d3d11) finished in 0.00 seconds. Local cache hits 1 (0.00s CPU time), remote cache hits 0 (0.00s CPU time), compiled 0 variants (0.00s CPU time), skipped 0 variants.
    Prepared data for serialisation in 0.00s
Serialized binary data for shader Hidden/Physics2D/SDF_CapsuleGeometry in 0.00s
    d3d11 (total internal programs: 2, unique: 2)
Compiling shader "Hidden/Physics2D/SDF_PolygonGeometry"
  Pass "" (vp)
    Target graphics API: d3d11
    Full variant space:         2
    After settings filtering:   2
    After built-in stripping:   1
    After scriptable stripping: 1
    Processed in 0.00 seconds
  Pass "" (fp)
    Target graphics API: d3d11
    Full variant space:         2
    After settings filtering:   2
    After built-in stripping:   1
    After scriptable stripping: 1
    Processed in 0.00 seconds
  Pass  (vp, d3d11) finished in 0.00 seconds. Local cache hits 1 (0.00s CPU time), remote cache hits 0 (0.00s CPU time), compiled 0 variants (0.00s CPU time), skipped 0 variants.
    Prepared data for serialisation in 0.00s
  Pass  (fp, d3d11) finished in 0.00 seconds. Local cache hits 1 (0.00s CPU time), remote cache hits 0 (0.00s CPU time), compiled 0 variants (0.00s CPU time), skipped 0 variants.
    Prepared data for serialisation in 0.00s
Serialized binary data for shader Hidden/Physics2D/SDF_PolygonGeometry in 0.00s
    d3d11 (total internal programs: 2, unique: 2)
Compiling shader "Hidden/Physics2D/SDF_Line"
  Pass "" (vp)
    Target graphics API: d3d11
    Full variant space:         2
    After settings filtering:   2
    After built-in stripping:   1
    After scriptable stripping: 1
    Processed in 0.00 seconds
  Pass "" (fp)
    Target graphics API: d3d11
    Full variant space:         2
    After settings filtering:   2
    After built-in stripping:   1
    After scriptable stripping: 1
    Processed in 0.00 seconds
  Pass  (vp, d3d11) finished in 0.00 seconds. Local cache hits 1 (0.00s CPU time), remote cache hits 0 (0.00s CPU time), compiled 0 variants (0.00s CPU time), skipped 0 variants.
    Prepared data for serialisation in 0.00s
  Pass  (fp, d3d11) finished in 0.00 seconds. Local cache hits 1 (0.00s CPU time), remote cache hits 0 (0.00s CPU time), compiled 0 variants (0.00s CPU time), skipped 0 variants.
    Prepared data for serialisation in 0.00s
Serialized binary data for shader Hidden/Physics2D/SDF_Line in 0.00s
    d3d11 (total internal programs: 2, unique: 2)
Compiling shader "Hidden/Physics2D/SDF_Point"
  Pass "" (vp)
    Target graphics API: d3d11
    Full variant space:         2
    After settings filtering:   2
    After built-in stripping:   1
    After scriptable stripping: 1
    Processed in 0.00 seconds
  Pass "" (fp)
    Target graphics API: d3d11
    Full variant space:         2
    After settings filtering:   2
    After built-in stripping:   1
    After scriptable stripping: 1
    Processed in 0.00 seconds
  Pass  (vp, d3d11) finished in 0.00 seconds. Local cache hits 1 (0.00s CPU time), remote cache hits 0 (0.00s CPU time), compiled 0 variants (0.00s CPU time), skipped 0 variants.
    Prepared data for serialisation in 0.00s
  Pass  (fp, d3d11) finished in 0.00 seconds. Local cache hits 1 (0.00s CPU time), remote cache hits 0 (0.00s CPU time), compiled 0 variants (0.00s CPU time), skipped 0 variants.
    Prepared data for serialisation in 0.00s
Serialized binary data for shader Hidden/Physics2D/SDF_Point in 0.00s
    d3d11 (total internal programs: 2, unique: 2)
Starting: C:\Program Files\Unity\Hub\Editor\6000.4.0f1\Editor\Data\Tools\BuildPipeline\bee_backend.exe --ipc --dagfile="Library/Bee/Playerf41ede6d.dag" --profile="Library/Bee/backend1.traceevents" Player
WorkingDir: ~/repos/Funstra
DisplayProgressbar: Incremental Player Build
ExitCode: 4 Duration: 0s668ms
Starting: C:\Program Files\Unity\Hub\Editor\6000.4.0f1\Editor\Data\netcorerun\netcorerun.exe "C:\Program Files\Unity\Hub\Editor\6000.4.0f1\Editor\Data\PlaybackEngines\WindowsStandaloneSupport\WinPlayerBuildProgram.exe" "C:/Program Files/Unity/Hub/Editor/6000.4.0f1/Editor/Data/PlaybackEngines/WindowsStandaloneSupport/Bee;C:/Program Files/Unity/Hub/Editor/6000.4.0f1/Editor/Data/Tools/BuildPipeline" "Library/Bee/Playerf41ede6d.dag.json" "Library/Bee/Playerf41ede6d-inputdata.json" "Library\Bee\buildprogram0.traceevents"
WorkingDir: ~/repos/Funstra
ExitCode: 0 Duration: 0s187ms
Starting: C:\Program Files\Unity\Hub\Editor\6000.4.0f1\Editor\Data\Tools\BuildPipeline\bee_backend.exe --ipc --dagfile="Library/Bee/Playerf41ede6d.dag" --dagfilejson="Library\Bee\Playerf41ede6d.dag.json" --profile="Library/Bee/backend2.traceevents" Player
WorkingDir: ~/repos/Funstra
ExitCode: 0 Duration: 0s64ms

-------------------------------------------------------------------------------
Build Report
Uncompressed usage by category (Percentages based on user generated assets only):
Textures               3.2 mb	 57.9% 
Meshes                 0.0 kb	 0.0% 
Animations             0.0 kb	 0.0% 
Sounds                 532.5 kb	 9.5% 
Shaders                149.0 kb	 2.7% 
Other Assets           1.6 mb	 29.8% 
Levels                 1.1 kb	 0.0% 
File headers           2.5 kb	 0.0% 
Total User Assets      5.5 mb	 100.0% 
Complete build size    88.6 mb
Used Assets and files from the Resources folder, sorted by uncompressed size:
 2.7 mb	 3.0% Built-in Texture2D: Splash Screen Unity Logo
 605.1 kb	 0.7% Resources/unity_builtin_extra
 562.5 kb	 0.6% Assets/Resources/Architecture/Brick_LoftBlock.bytes
 349.2 kb	 0.4% Assets/Resources/Architecture/Fab_RowhouseTerrace.bytes
 216.6 kb	 0.2% Assets/Resources/Architecture/Market_Hall.bytes
 213.8 kb	 0.2% Assets/Resources/Architecture/Fab_RetailBlock.bytes
 205.3 kb	 0.2% Assets/Resources/Architecture/Garage_ParkingDeck.bytes
 142.3 kb	 0.2% Assets/Resources/Audio/shotgun.wav
 116.5 kb	 0.1% Assets/Resources/Audio/pistol.wav
 90.5 kb	 0.1% Assets/Resources/Architecture/Fab_Church.bytes
 46.8 kb	 0.1% Assets/Resources/Audio/impact-body.wav
 41.0 kb	 0.0% Assets/Resources/Audio/shotgun-action.wav
 34.6 kb	 0.0% Assets/Resources/Audio/reload-finish.wav
 29.5 kb	 0.0% Assets/Resources/Audio/reload-start.wav
 28.9 kb	 0.0% Assets/Resources/Architecture/PortSurface.shader
 28.8 kb	 0.0% Assets/Resources/Audio/alert.wav
 27.9 kb	 0.0% Assets/Resources/Architecture/PortArchitecture.shader
 25.2 kb	 0.0% Assets/Resources/Audio/cash.wav
 21.7 kb	 0.0% Assets/Resources/Audio/impact-cover.wav
 13.0 kb	 0.0% Assets/Resources/Audio/provenance.json
 10.4 kb	 0.0% Assets/Resources/Architecture/provenance.json
 9.7 kb	 0.0% Assets/Resources/Audio/step-03.wav
 9.5 kb	 0.0% Assets/Resources/Audio/step-04.wav
 9.2 kb	 0.0% Assets/Resources/Audio/step-02.wav
 9.1 kb	 0.0% Assets/Resources/Audio/step-01.wav
 8.6 kb	 0.0% Assets/Resources/Audio/pickup.wav
 3.0 kb	 0.0% Assets/Resources/Architecture/README.md
 2.1 kb	 0.0% Assets/Resources/Audio/CREDITS.md
 0.9 kb	 0.0% Assets/Resources/Rendering/Emission.mat
 0.9 kb	 0.0% Assets/Resources/Rendering/Surface.mat
 0.6 kb	 0.0% Assets/Resources/Audio/Kenney-Impact-License.txt
 0.6 kb	 0.0% Assets/Resources/Audio/Kenney-Interface-License.txt
 0.4 kb	 0.0% Built-in Sprite: 
 0.3 kb	 0.0% Assets/Resources/Rendering/Marker.mat
 0.1 kb	 0.0% Assets/Scripts/FunstraPolice.cs
 0.1 kb	 0.0% Assets/Scripts/DistrictState.cs
 0.1 kb	 0.0% Assets/Scripts/CombatSquadRules.cs
 0.1 kb	 0.0% Assets/Scripts/CityNavigation.cs
 0.1 kb	 0.0% Assets/Scripts/RefugeState.cs
 0.1 kb	 0.0% Assets/Scripts/ProjectileCombat.cs
 0.1 kb	 0.0% Assets/Scripts/TownAgent.cs
 0.1 kb	 0.0% Assets/Scripts/FunstraGame.cs
 0.1 kb	 0.0% Assets/Scripts/CombatSquad.cs
 0.1 kb	 0.0% Assets/Scripts/CityTraffic.cs
 0.1 kb	 0.0% Assets/Scripts/CityArchitecture.cs
 0.1 kb	 0.0% Assets/Scripts/CitySpatial.cs
 0.1 kb	 0.0% Assets/Scripts/CityClinic.cs
 0.1 kb	 0.0% Assets/Scripts/RunState.cs
 0.1 kb	 0.0% Assets/Scripts/CityArt.cs
 0.1 kb	 0.0% Assets/Scripts/CargoRun.cs
-------------------------------------------------------------------------------
Unloading 33 Unused Serialized files (Serialized files now loaded: 0)
Unloading 18 unused Assets / (16.4 KB). Loaded Objects now: 745.
Memory consumption went from 101.1 MB to 101.1 MB.
Total: 2.924800 ms (FindLiveObjects: 0.027700 ms CreateObjectMapping: 0.004700 ms MarkObjects: 2.856700 ms  DeleteObjects: 0.035200 ms)

DisplayProgressNotification: Build Successful
Build Finished, Result: Success.
Total cache size 200068508
Total cache size after purge 200068508, took 00:00:00.0918421
##utp:{"type":"PlayerBuildInfo","version":2,"phase":"Immediate","time":1788852634503,"processId":23940,"steps":[{"description":"Preprocess Player","duration":5},{"description":"Prepare For Build","duration":5},{"description":"ProducePlayerScriptAssemblies","duration":1835},{"description":"Verify Build setup","duration":8},{"description":"Prepare assets for target platform","duration":0},{"description":"Prepare splash screen","duration":0},{"description":"Build scripts DLLs","duration":16},{"description":"Building scenes","duration":40},{"description":"Build GlobalGameManagers file","duration":72},{"description":"Writing asset files","duration":46},{"description":"Building Resources/unity_builtin_extra","duration":35},{"description":"Write data build dirty tracking information","duration":6},{"description":"Postprocess built player","duration":1032}],"duration":3100}
Unloading 0 Unused Serialized files (Serialized files now loaded: 0)
Loaded scene 'Temp/__Backupscenes/0.backup'
	Deserialize:            0.462 ms
	Integration:            2.213 ms
	Integration of assets:  0.001 ms
	Thread Wait Time:       0.008 ms
	Total Operation Time:   2.684 ms
Unloading 0 unused Assets / (0 B). Loaded Objects now: 741.
Memory consumption went from 97.6 MB to 97.6 MB.
Total: 2.866800 ms (FindLiveObjects: 0.028500 ms CreateObjectMapping: 0.004300 ms MarkObjects: 2.831200 ms  DeleteObjects: 0.002200 ms)

Batchmode quit successfully invoked - shutting down!
[Physics::Module] Cleanup current backend.
[Physics::Module] Id: 0xf2b8ea05
Input System module state changed to: ShutdownInProgress.
Input Polling Thread exited.
Input System module state changed to: Shutdown.
[Licensing::IpcConnector] LicenseClient-user-notifications channel disconnected successfully.
[Licensing::IpcConnector] LicenseClient-user channel disconnected successfully.
AcceleratorClientConnectionCallback - disconnected - :0
Cleanup mono
CodeReloadManager destroyed
Exiting batchmode successfully now!
Exiting without the bug reporter. Application will terminate with return code 0